Date,Region,HIV_Rate,AIDS_Rate
2014-01,Крим,5.3,1.7
2014-01,Вінницька,1.7,1.6
2014-01,Волинська,0.9,0.8
2014-01,Дніпропетровська,7.2,4.7
2014-01,Донецька,14.0,4.6
2014-01,Житомирська,2.1,1.2
2014-01,Закарпатська,0.2,0.2
2014-01,Запорізька,1.9,1.7
2014-01,Івано-Франківська,0.5,1.1
2014-01,Київська,3.0,0.0
2014-01,Кіровоградська,3.1,0.8
2014-01,Луганська,3.3,1.2
2014-01,Львівська,1.4,0.4
2014-01,Миколаївська,9.7,5.9
2014-01,Одеська,6.5,3.5
2014-01,Полтавська,2.0,1.2
2014-01,Рівненська,1.4,0.4
2014-01,Сумська,0.9,0.6
2014-01,Тернопільська,0.7,0.3
2014-01,Харківська,1.9,0.8
2014-01,Херсонська,4.6,1.4
2014-01,Хмельницька,1.9,0.9
2014-01,Черкаська,3.4,2.9
2014-01,Чернівецька,1.3,0.1
2014-01,Чернігівська,4.0,1.5
2014-01,Київ,3.9,1.3
2014-02,Крим,3.8,1.5
2014-02,Вінницька,2.2,1.0
2014-02,Волинська,1.5,1.5
2014-02,Дніпропетровська,9.2,5.1
2014-02,Донецька,9.0,7.5
2014-02,Житомирська,1.8,0.8
2014-02,Закарпатська,0.2,0.2
2014-02,Запорізька,4.2,2.1
2014-02,Івано-Франківська,1.3,1.2
2014-02,Київська,2.9,2.1
2014-02,Кіровоградська,3.7,0.9
2014-02,Луганська,3.0,1.0
2014-02,Львівська,1.5,0.6
2014-02,Миколаївська,10.3,2.5
2014-02,Одеська,8.5,5.4
2014-02,Полтавська,3.5,1.6
2014-02,Рівненська,2.5,0.7
2014-02,Сумська,0.8,0.4
2014-02,Тернопільська,1.5,0.3
2014-02,Харківська,1.7,0.7
2014-02,Херсонська,4.5,1.7
2014-02,Хмельницька,1.7,1.7
2014-02,Черкаська,3.7,2.2
2014-02,Чернівецька,1.8,0.7
2014-02,Чернігівська,4.9,1.9
2014-02,Київ,5.0,2.1
2014-03,Крим,6.0,2.8
2014-03,Вінницька,2.1,0.9
2014-03,Волинська,3.0,1.1
2014-03,Дніпропетровська,8.1,4.3
2014-03,Донецька,6.7,3.7
2014-03,Житомирська,2.5,0.9
2014-03,Закарпатська,0.4,0.2
2014-03,Запорізька,2.1,1.2
2014-03,Івано-Франківська,1.4,0.7
2014-03,Київська,4.2,1.4
2014-03,Кіровоградська,2.8,0.6
2014-03,Луганська,2.8,1.1
2014-03,Львівська,1.4,0.4
2014-03,Миколаївська,6.6,0.7
2014-03,Одеська,13.9,7.1
2014-03,Полтавська,2.0,1.3
2014-03,Рівненська,1.8,0.9
2014-03,Сумська,1.1,0.5
2014-03,Тернопільська,0.5,0.5
2014-03,Харківська,1.8,0.8
2014-03,Херсонська,4.6,1.5
2014-03,Хмельницька,2.3,1.6
2014-03,Черкаська,5.9,2.4
2014-03,Чернівецька,1.4,0.4
2014-03,Чернігівська,4.2,2.2
2014-03,Київ,4.4,1.7
2014-04,Вінницька,2.0,0.9
2014-04,Волинська,2.2,0.8
2014-04,Дніпропетровська,9.9,6.2
2014-04,Донецька,8.7,5.9
2014-04,Житомирська,2.4,1.3
2014-04,Закарпатська,1.0,0.6
2014-04,Запорізька,2.8,1.6
2014-04,Івано-Франківська,0.9,0.4
2014-04,Київська,4.8,2.4
2014-04,Кіровоградська,2.7,1.2
2014-04,Луганська,3.2,1.4
2014-04,Львівська,1.5,0.9
2014-04,Миколаївська,10.4,2.5
2014-04,Одеська,10.3,7.9
2014-04,Полтавська,2.8,0.8
2014-04,Рівненська,3.1,0.7
2014-04,Сумська,0.8,0.2
2014-04,Тернопільська,0.9,0.4
2014-04,Харківська,1.3,0.4
2014-04,Херсонська,2.8,0.8
2014-04,Хмельницька,2.6,0.8
2014-04,Черкаська,2.6,1.5
2014-04,Чернівецька,0.7,0.0
2014-04,Чернігівська,3.6,1.5
2014-04,Київ,4.3,1.7
2014-05,Вінницька,1.2,0.9
2014-05,Волинська,1.7,1.0
2014-05,Дніпропетровська,8.8,4.9
2014-05,Донецька,5.1,1.8
2014-05,Житомирська,2.9,1.3
2014-05,Закарпатська,0.5,0.4
2014-05,Запорізька,2.9,2.3
2014-05,Івано-Франківська,1.4,0.7
2014-05,Київська,3.5,1.6
2014-05,Кіровоградська,2.7,0.3
2014-05,Луганська,2.5,1.3
2014-05,Львівська,0.9,0.7
2014-05,Миколаївська,10.3,4.4
2014-05,Одеська,9.6,8.0
2014-05,Полтавська,2.5,1.2
2014-05,Рівненська,1.4,0.5
2014-05,Сумська,0.9,0.5
2014-05,Тернопільська,0.9,0.4
2014-05,Харківська,1.4,0.9
2014-05,Херсонська,3.6,0.8
2014-05,Хмельницька,2.2,1.1
2014-05,Черкаська,4.7,2.4
2014-05,Чернівецька,1.0,0.1
2014-05,Чернігівська,4.1,1.8
2014-05,Київ,3.1,1.4
2014-06,Вінницька,2.3,1.2
2014-06,Волинська,2.5,1.2
2014-06,Дніпропетровська,9.2,5.4
2014-06,Донецька,4.7,5.5
2014-06,Житомирська,2.1,0.9
2014-06,Закарпатська,0.5,0.2
2014-06,Запорізька,2.6,2.2
2014-06,Івано-Франківська,1.5,0.4
2014-06,Київська,3.9,2.0
2014-06,Кіровоградська,4.8,1.5
2014-06,Луганська,2.7,1.1
2014-06,Львівська,1.7,0.6
2014-06,Миколаївська,3.8,1.5
2014-06,Одеська,8.3,8.1
2014-06,Полтавська,1.8,0.8
2014-06,Рівненська,1.4,0.3
2014-06,Сумська,1.9,0.7
2014-06,Тернопільська,0.7,0.7
2014-06,Харківська,1.9,0.9
2014-06,Херсонська,4.4,2.0
2014-06,Хмельницька,0.8,0.5
2014-06,Черкаська,3.3,1.3
2014-06,Чернівецька,0.8,0.2
2014-06,Чернігівська,4.0,1.7
2014-06,Київ,4.1,1.0
2014-07,Вінницька,1.6,0.7
2014-07,Волинська,1.8,1.3
2014-07,Дніпропетровська,9.1,5.7
2014-07,Донецька,,
2014-07,Житомирська,2.7,1.6
2014-07,Закарпатська,0.6,0.2
2014-07,Запорізька,2.8,1.6
2014-07,Івано-Франківська,1.0,0.5
2014-07,Київська,3.7,3.3
2014-07,Кіровоградська,5.1,1.0
2014-07,Луганська,,
2014-07,Львівська,1.2,0.7
2014-07,Миколаївська,11.0,4.1
2014-07,Одеська,10.4,4.8
2014-07,Полтавська,2.3,1.1
2014-07,Рівненська,1.6,0.5
2014-07,Сумська,1.7,0.9
2014-07,Тернопільська,0.7,0.4
2014-07,Харківська,1.0,0.5
2014-07,Херсонська,3.4,1.8
2014-07,Хмельницька,2.1,1.1
2014-07,Черкаська,4.4,3.3
2014-07,Чернівецька,1.0,0.6
2014-07,Чернігівська,3.2,0.9
2014-07,Київ,4.5,1.8
2014-08,Вінницька,2.1,2.2
2014-08,Волинська,2.7,1.2
2014-08,Дніпропетровська,7.8,4.5
2014-08,Донецька,8.7,5.5
2014-08,Житомирська,3.2,1.2
2014-08,Закарпатська,0.5,0.3
2014-08,Запорізька,3.1,1.9
2014-08,Івано-Франківська,1.4,1.2
2014-08,Київська,2.3,1.0
2014-08,Кіровоградська,3.6,1.3
2014-08,Луганська,1.0,0.3
2014-08,Львівська,1.8,0.4
2014-08,Миколаївська,8.8,3.9
2014-08,Одеська,8.1,4.1
2014-08,Полтавська,3.0,1.4
2014-08,Рівненська,1.4,0.8
2014-08,Сумська,0.0,0.0
2014-08,Тернопільська,0.8,0.2
2014-08,Харківська,1.5,0.6
2014-08,Херсонська,2.4,0.3
2014-08,Хмельницька,1.3,0.4
2014-08,Черкаська,5.2,1.1
2014-08,Чернівецька,1.0,0.1
2014-08,Чернігівська,4.3,2.1
2014-08,Київ,3.1,1.1
2014-09,Вінницька,2.0,1.0
2014-09,Волинська,1.5,1.3
2014-09,Дніпропетровська,8.0,6.3
2014-09,Донецька,1.7,1.7
2014-09,Житомирська,2.6,1.0
2014-09,Закарпатська,0.6,0.1
2014-09,Запорізька,2.0,1.2
2014-09,Івано-Франківська,0.4,0.2
2014-09,Київська,4.2,1.6
2014-09,Кіровоградська,5.0,1.2
2014-09,Луганська,0.0,0.0
2014-09,Львівська,1.3,0.7
2014-09,Миколаївська,6.9,4.3
2014-09,Одеська,5.9,3.5
2014-09,Полтавська,2.0,0.8
2014-09,Рівненська,1.9,0.5
2014-09,Сумська,3.3,1.0
2014-09,Тернопільська,0.6,0.1
2014-09,Харківська,2.1,0.7
2014-09,Херсонська,5.0,1.4
2014-09,Хмельницька,2.0,0.9
2014-09,Черкаська,2.6,0.9
2014-09,Чернівецька,0.8,0.0
2014-09,Чернігівська,1.7,0.6
2014-09,Київ,3.9,0.7
2014-10,Вінницька,1.2,0.4
2014-10,Волинська,1.7,0.8
2014-10,Дніпропетровська,6.7,5.6
2014-10,Донецька,2.6,1.9
2014-10,Житомирська,3.3,1.4
2014-10,Закарпатська,0.5,0.5
2014-10,Запорізька,3.1,1.6
2014-10,Івано-Франківська,1.5,0.7
2014-10,Київська,4.0,1.3
2014-10,Кіровоградська,5.2,1.1
2014-10,Луганська,1.1,0.4
2014-10,Львівська,2.3,0.4
2014-10,Миколаївська,6.6,1.5
2014-10,Одеська,12.0,4.5
2014-10,Полтавська,1.8,1.1
2014-10,Рівненська,1.8,0.0
2014-10,Сумська,1.1,0.7
2014-10,Тернопільська,0.8,0.6
2014-10,Харківська,1.9,0.3
2014-10,Херсонська,4.7,1.2
2014-10,Хмельницька,1.5,0.9
2014-10,Черкаська,3.1,1.3
2014-10,Чернівецька,0.9,0.3
2014-10,Чернігівська,5.7,2.5
2014-10,Київ,4.5,1.6
2014-11,Вінницька,1.9,1.0
2014-11,Волинська,2.0,0.9
2014-11,Дніпропетровська,6.9,5.2
2014-11,Донецька,5.1,2.8
2014-11,Житомирська,2.1,1.1
2014-11,Закарпатська,0.9,0.1
2014-11,Запорізька,3.0,1.9
2014-11,Івано-Франківська,0.9,0.4
2014-11,Київська,4.0,1.9
2014-11,Кіровоградська,4.5,1.4
2014-11,Луганська,1.3,0.5
2014-11,Львівська,1.1,0.6
2014-11,Миколаївська,5.0,5.9
2014-11,Одеська,7.0,4.1
2014-11,Полтавська,3.2,1.5
2014-11,Рівненська,1.2,0.6
2014-11,Сумська,2.2,0.9
2014-11,Тернопільська,0.7,0.3
2014-11,Харківська,1.5,0.7
2014-11,Херсонська,4.7,1.6
2014-11,Хмельницька,1.9,1.1
2014-11,Черкаська,4.2,2.1
2014-11,Чернівецька,1.2,0.0
2014-11,Чернігівська,4.3,2.2
2014-11,Київ,4.3,1.4
2014-12,Вінницька,3.7,1.7
2014-12,Волинська,3.8,2.1
2014-12,Дніпропетровська,5.7,6.3
2014-12,Донецька,3.6,2.4
2014-12,Житомирська,4.1,1.9
2014-12,Закарпатська,0.8,0.0
2014-12,Запорізька,3.9,2.5
2014-12,Івано-Франківська,1.7,0.9
2014-12,Київська,4.9,1.9
2014-12,Кіровоградська,3.2,2.1
2014-12,Луганська,1.4,0.8
2014-12,Львівська,3.2,1.1
2014-12,Миколаївська,3.5,2.6
2014-12,Одеська,9.4,5.3
2014-12,Полтавська,1.9,1.0
2014-12,Рівненська,2.9,0.8
2014-12,Сумська,2.0,1.2
2014-12,Тернопільська,1.7,0.8
2014-12,Харківська,1.6,0.5
2014-12,Херсонська,4.7,1.8
2014-12,Хмельницька,1.4,0.6
2014-12,Черкаська,4.9,1.0
2014-12,Чернівецька,0.8,0.6
2014-12,Чернігівська,3.9,2.4
2014-12,Київ,3.5,1.7
2015-01,Вінницька,0.8,0.6
2015-01,Волинська,1.6,0.9
2015-01,Дніпропетровська,4.1,3.6
2015-01,Донецька,,
2015-01,Житомирська,2.7,1.1
2015-01,Закарпатська,0.5,0.2
2015-01,Запорізька,1.9,1.7
2015-01,Івано-Франківська,0.9,0.4
2015-01,Київська,5.2,2.0
2015-01,Кіровоградська,1.5,1.5
2015-01,Луганська,1.2,0.8
2015-01,Львівська,1.0,0.5
2015-01,Миколаївська,7.1,3.4
2015-01,Одеська,5.3,3.2
2015-01,Полтавська,1.9,1.5
2015-01,Рівненська,1.7,0.3
2015-01,Сумська,0.5,0.2
2015-01,Тернопільська,0.8,0.4
2015-01,Харківська,1.4,0.4
2015-01,Херсонська,3.7,1.4
2015-01,Хмельницька,1.2,0.6
2015-01,Черкаська,1.8,0.7
2015-01,Чернівецька,0.4,0.2
2015-01,Чернігівська,5.6,2.1
2015-01,Київ,3.5,1.0
2015-02,Вінницька,0.9,0.7
2015-02,Волинська,1.7,0.7
2015-02,Дніпропетровська,5.6,4.5
2015-02,Донецька,,
2015-02,Житомирська,2.7,1.0
2015-02,Закарпатська,0.1,0.2
2015-02,Запорізька,2.7,2.0
2015-02,Івано-Франківська,2.2,0.7
2015-02,Київська,3.9,2.1
2015-02,Кіровоградська,6.4,2.4
2015-02,Луганська,1.5,0.9
2015-02,Львівська,1.3,0.7
2015-02,Миколаївська,8.0,3.5
2015-02,Одеська,8.2,4.6
2015-02,Полтавська,2.9,1.5
2015-02,Рівненська,1.5,0.4
2015-02,Сумська,1.3,0.4
2015-02,Тернопільська,0.7,0.3
2015-02,Харківська,1.9,0.7
2015-02,Херсонська,3.3,1.1
2015-02,Хмельницька,1.6,0.8
2015-02,Черкаська,3.8,1.7
2015-02,Чернівецька,1.3,0.4
2015-02,Чернігівська,3.6,0.9
2015-02,Київ,4.9,1.4
2015-03,Вінницька,2.7,1.2
2015-03,Волинська,3.6,1.8
2015-03,Дніпропетровська,4.1,3.9
2015-03,Донецька,,
2015-03,Житомирська,2.9,1.2
2015-03,Закарпатська,0.7,0.2
2015-03,Запорізька,2.9,1.7
2015-03,Івано-Франківська,1.5,0.8
2015-03,Київська,4.0,1.1
2015-03,Кіровоградська,5.2,2.4
2015-03,Луганська,1.6,0.9
2015-03,Львівська,0.7,0.4
2015-03,Миколаївська,5.2,1.6
2015-03,Одеська,10.1,6.8
2015-03,Полтавська,4.1,2.4
2015-03,Рівненська,1.2,0.7
2015-03,Сумська,0.6,0.2
2015-03,Тернопільська,0.4,0.1
2015-03,Харківська,1.4,0.6
2015-03,Херсонська,4.4,1.4
2015-03,Хмельницька,0.8,0.9
2015-03,Черкаська,1.9,0.6
2015-03,Чернівецька,1.4,0.9
2015-03,Чернігівська,3.5,1.7
2015-03,Київ,4.4,1.7
2015-04,Вінницька,1.9,1.2
2015-04,Волинська,2.1,1.2
2015-04,Дніпропетровська,3.2,3.8
2015-04,Донецька,,
2015-04,Житомирська,2.6,0.9
2015-04,Закарпатська,0.3,0.1
2015-04,Запорізька,2.6,1.5
2015-04,Івано-Франківська,0.7,0.5
2015-04,Київська,3.1,1.5
2015-04,Кіровоградська,5.5,2.0
2015-04,Луганська,1.7,0.9
2015-04,Львівська,1.5,0.6
2015-04,Миколаївська,7.7,2.6
2015-04,Одеська,8.0,5.3
2015-04,Полтавська,2.3,1.9
2015-04,Рівненська,1.9,0.2
2015-04,Сумська,0.3,0.1
2015-04,Тернопільська,0.6,0.1
2015-04,Харківська,1.9,1.0
2015-04,Херсонська,2.9,0.8
2015-04,Хмельницька,0.9,1.1
2015-04,Черкаська,4.2,2.3
2015-04,Чернівецька,0.7,0.7
2015-04,Чернігівська,4.4,1.3
2015-04,Київ,3.1,1.1
2015-05,Вінницька,1.9,1.1
2015-05,Волинська,3.0,1.0
2015-05,Дніпропетровська,7.6,4.7
2015-05,Донецька,,
2015-05,Житомирська,3.2,2.3
2015-05,Закарпатська,0.3,0.2
2015-05,Запорізька,2.4,1.8
2015-05,Івано-Франківська,0.7,0.5
2015-05,Київська,3.5,1.2
2015-05,Кіровоградська,5.1,1.0
2015-05,Луганська,2.0,1.0
2015-05,Львівська,1.1,0.7
2015-05,Миколаївська,4.2,3.8
2015-05,Одеська,9.5,4.4
2015-05,Полтавська,1.8,1.1
2015-05,Рівненська,2.0,0.5
2015-05,Сумська,0.4,0.1
2015-05,Тернопільська,1.3,0.5
2015-05,Харківська,1.4,0.5
2015-05,Херсонська,2.8,1.8
2015-05,Хмельницька,0.8,0.5
2015-05,Черкаська,4.5,2.1
2015-05,Чернівецька,0.9,0.7
2015-05,Чернігівська,2.6,1.1
2015-05,Київ,3.8,1.5
2015-06,Вінницька,1.9,1.1
2015-06,Волинська,3.3,1.8
2015-06,Дніпропетровська,10.8,7.0
2015-06,Донецька,,
2015-06,Житомирська,3.3,2.2
2015-06,Закарпатська,0.7,0.4
2015-06,Запорізька,2.3,1.9
2015-06,Івано-Франківська,1.2,0.4
2015-06,Київська,4.4,2.2
2015-06,Кіровоградська,6.0,2.5
2015-06,Луганська,2.0,0.9
2015-06,Львівська,2.5,0.8
2015-06,Миколаївська,3.6,0.9
2015-06,Одеська,8.1,4.1
2015-06,Полтавська,2.5,1.0
2015-06,Рівненська,2.8,0.5
2015-06,Сумська,2.5,0.9
2015-06,Тернопільська,1.3,0.5
2015-06,Харківська,1.7,0.6
2015-06,Херсонська,5.6,1.6
2015-06,Хмельницька,2.5,1.0
2015-06,Черкаська,4.4,2.1
2015-06,Чернівецька,1.4,0.6
2015-06,Чернігівська,1.9,0.3
2015-06,Київ,3.6,1.3
2015-07,Вінницька,0.7,0.4
2015-07,Волинська,2.3,0.9
2015-07,Дніпропетровська,10.9,5.9
2015-07,Донецька,,
2015-07,Житомирська,2.8,1.3
2015-07,Закарпатська,0.2,1.2
2015-07,Запорізька,2.3,1.9
2015-07,Івано-Франківська,0.7,0.5
2015-07,Київська,4.0,1.9
2015-07,Кіровоградська,3.9,1.2
2015-07,Луганська,1.9,0.7
2015-07,Львівська,2.0,0.8
2015-07,Миколаївська,7.8,3.9
2015-07,Одеська,7.0,4.6
2015-07,Полтавська,3.4,2.2
2015-07,Рівненська,1.3,0.8
2015-07,Сумська,2.0,1.3
2015-07,Тернопільська,0.7,0.7
2015-07,Харківська,1.8,0.6
2015-07,Херсонська,3.2,1.7
2015-07,Хмельницька,1.6,1.2
2015-07,Черкаська,3.6,3.1
2015-07,Чернівецька,0.9,0.4
2015-07,Чернігівська,4.3,1.7
2015-07,Київ,4.5,1.5
2015-08,Вінницька,1.4,1.5
2015-08,Волинська,2.0,0.8
2015-08,Дніпропетровська,8.5,6.0
2015-08,Донецька,,
2015-08,Житомирська,2.9,1.0
2015-08,Закарпатська,0.6,0.2
2015-08,Запорізька,2.1,1.7
2015-08,Івано-Франківська,1.9,0.7
2015-08,Київська,3.3,1.9
2015-08,Кіровоградська,4.7,1.4
2015-08,Луганська,1.4,0.8
2015-08,Львівська,1.3,0.6
2015-08,Миколаївська,4.9,2.1
2015-08,Одеська,6.6,4.0
2015-08,Полтавська,1.7,1.3
2015-08,Рівненська,2.2,1.1
2015-08,Сумська,2.3,0.9
2015-08,Тернопільська,1.5,0.5
2015-08,Харківська,1.6,0.6
2015-08,Херсонська,3.5,1.6
2015-08,Хмельницька,1.1,0.4
2015-08,Черкаська,3.3,1.2
2015-08,Чернівецька,0.9,0.3
2015-08,Чернігівська,2.8,1.2
2015-08,Київ,3.3,1.0
2015-09,Вінницька,1.8,0.9
2015-09,Волинська,1.2,0.5
2015-09,Дніпропетровська,9.2,6.1
2015-09,Донецька,,
2015-09,Житомирська,3.6,1.3
2015-09,Закарпатська,1.0,0.5
2015-09,Запорізька,2.7,1.5
2015-09,Івано-Франківська,1.4,0.5
2015-09,Київська,5.9,2.4
2015-09,Кіровоградська,3.5,1.4
2015-09,Луганська,1.4,1.2
2015-09,Львівська,1.2,0.2
2015-09,Миколаївська,5.2,1.5
2015-09,Одеська,8.2,5.0
2015-09,Полтавська,2.1,1.0
2015-09,Рівненська,1.6,0.7
2015-09,Сумська,1.1,0.7
2015-09,Тернопільська,1.0,0.2
2015-09,Харківська,1.5,0.5
2015-09,Херсонська,5.8,1.8
2015-09,Хмельницька,1.4,0.5
2015-09,Черкаська,3.5,1.4
2015-09,Чернівецька,0.7,0.2
2015-09,Чернігівська,1.7,1.1
2015-09,Київ,3.5,1.6
2015-10,Вінницька,1.6,0.8
2015-10,Волинська,1.6,0.9
2015-10,Дніпропетровська,7.6,5.3
2015-10,Донецька,,
2015-10,Житомирська,2.8,1.4
2015-10,Закарпатська,0.6,0.3
2015-10,Запорізька,3.1,1.6
2015-10,Івано-Франківська,0.5,0.2
2015-10,Київська,4.5,2.3
2015-10,Кіровоградська,3.7,1.3
2015-10,Луганська,1.9,0.8
2015-10,Львівська,1.6,0.6
2015-10,Миколаївська,8.2,3.7
2015-10,Одеська,9.2,5.5
2015-10,Полтавська,3.4,1.0
2015-10,Рівненська,1.8,0.4
2015-10,Сумська,1.4,0.4
2015-10,Тернопільська,0.8,0.3
2015-10,Харківська,1.8,0.7
2015-10,Херсонська,4.0,0.8
2015-10,Хмельницька,1.1,0.9
2015-10,Черкаська,4.3,2.4
2015-10,Чернівецька,0.7,0.3
2015-10,Чернігівська,3.5,4.2
2015-10,Київ,3.9,1.4
2015-11,Вінницька,1.5,0.6
2015-11,Волинська,2.1,1.1
2015-11,Дніпропетровська,9.4,6.0
2015-11,Донецька,,
2015-11,Житомирська,3.3,1.3
2015-11,Закарпатська,0.2,0.1
2015-11,Запорізька,3.1,1.8
2015-11,Івано-Франківська,1.8,0.7
2015-11,Київська,4.4,2.7
2015-11,Кіровоградська,3.8,2.2
2015-11,Луганська,2.4,1.2
2015-11,Львівська,1.2,0.9
2015-11,Миколаївська,7.0,2.4
2015-11,Одеська,9.1,5.2
2015-11,Полтавська,2.3,1.5
2015-11,Рівненська,1.1,0.9
2015-11,Сумська,1.8,0.4
2015-11,Тернопільська,0.2,0.0
2015-11,Харківська,1.1,0.4
2015-11,Херсонська,2.5,0.8
2015-11,Хмельницька,1.5,1.3
2015-11,Черкаська,2.6,1.1
2015-11,Чернівецька,0.6,0.3
2015-11,Чернігівська,3.3,1.3
2015-11,Київ,3.6,1.6
2015-12,Вінницька,1.9,1.1
2015-12,Волинська,2.1,1.0
2015-12,Дніпропетровська,6.9,5.7
2015-12,Донецька,,
2015-12,Житомирська,3.9,2.1
2015-12,Закарпатська,0.5,0.5
2015-12,Запорізька,4.5,2.1
2015-12,Івано-Франківська,1.0,0.7
2015-12,Київська,4.9,1.9
2015-12,Кіровоградська,3.7,4.1
2015-12,Луганська,2.2,2.1
2015-12,Львівська,2.7,0.9
2015-12,Миколаївська,5.1,2.3
2015-12,Одеська,10.5,6.4
2015-12,Полтавська,2.8,1.5
2015-12,Рівненська,2.2,0.9
2015-12,Сумська,3.7,1.5
2015-12,Тернопільська,1.6,0.5
2015-12,Харківська,1.8,0.9
2015-12,Херсонська,7.0,2.7
2015-12,Хмельницька,0.5,0.6
2015-12,Черкаська,5.5,2.1
2015-12,Чернівецька,1.0,0.4
2015-12,Чернігівська,10.1,5.6
2015-12,Київ,4.0,1.9
2016-01,Вінницька,0.2,0.2
2016-01,Волинська,1.8,1.1
2016-01,Дніпропетровська,6.3,3.9
2016-01,Донецька,,
2016-01,Житомирська,1.8,0.7
2016-01,Закарпатська,1.0,0.6
2016-01,Запорізька,3.5,1.7
2016-01,Івано-Франківська,0.9,0.4
2016-01,Київська,3.9,1.8
2016-01,Кіровоградська,3.2,2.1
2016-01,Луганська,0.6,0.5
2016-01,Львівська,0.9,0.3
2016-01,Миколаївська,5.9,1.7
2016-01,Одеська,7.2,4.6
2016-01,Полтавська,1.9,0.8
2016-01,Рівненська,1.3,0.7
2016-01,Сумська,0.7,0.2
2016-01,Тернопільська,0.8,0.2
2016-01,Харківська,2.0,0.6
2016-01,Херсонська,3.1,0.9
2016-01,Хмельницька,1.5,0.9
2016-01,Черкаська,2.6,1.8
2016-01,Чернівецька,0.8,0.1
2016-01,Чернігівська,3.5,1.8
2016-01,Київ,3.6,1.3
2016-02,Вінницька,0.6,0.2
2016-02,Волинська,2.8,1.9
2016-02,Дніпропетровська,6.0,4.4
2016-02,Донецька,,
2016-02,Житомирська,3.3,1.8
2016-02,Закарпатська,0.9,0.4
2016-02,Запорізька,2.5,2.3
2016-02,Івано-Франківська,1.2,0.7
2016-02,Київська,4.3,1.6
2016-02,Кіровоградська,2.8,0.9
2016-02,Луганська,0.6,0.5
2016-02,Львівська,1.5,0.9
2016-02,Миколаївська,8.1,3.4
2016-02,Одеська,8.2,4.6
2016-02,Полтавська,2.2,1.6
2016-02,Рівненська,1.6,0.9
2016-02,Сумська,1.3,0.4
2016-02,Тернопільська,1.0,0.5
2016-02,Харківська,1.7,1.0
2016-02,Херсонська,4.9,1.0
2016-02,Хмельницька,0.9,0.6
2016-02,Черкаська,3.1,1.3
2016-02,Чернівецька,1.2,0.7
2016-02,Чернігівська,3.2,3.0
2016-02,Київ,5.1,1.3
2016-03,Вінницька,1.1,0.4
2016-03,Волинська,3.4,1.5
2016-03,Дніпропетровська,6.4,4.6
2016-03,Донецька,2.5,1.4
2016-03,Житомирська,3.8,2.1
2016-03,Закарпатська,0.4,0.3
2016-03,Запорізька,3.9,2.1
2016-03,Івано-Франківська,1.3,0.7
2016-03,Київська,5.4,3.1
2016-03,Кіровоградська,3.4,1.8
2016-03,Луганська,0.6,0.2
2016-03,Львівська,1.7,0.8
2016-03,Миколаївська,5.9,3.4
2016-03,Одеська,7.8,6.3
2016-03,Полтавська,2.7,1.1
2016-03,Рівненська,1.6,0.5
2016-03,Сумська,0.8,0.2
2016-03,Тернопільська,0.8,0.5
2016-03,Харківська,2.3,1.9
2016-03,Херсонська,5.5,1.4
2016-03,Хмельницька,0.7,0.5
2016-03,Черкаська,4.2,2.3
2016-03,Чернівецька,0.7,0.2
2016-03,Чернігівська,3.2,1.8
2016-03,Київ,3.8,1.4
2016-04,Вінницька,0.3,0.4
2016-04,Волинська,1.6,0.8
2016-04,Дніпропетровська,6.3,4.3
2016-04,Донецька,2.2,1.3
2016-04,Житомирська,3.3,1.8
2016-04,Закарпатська,0.7,0.6
2016-04,Запорізька,3.3,2.0
2016-04,Івано-Франківська,1.4,0.7
2016-04,Київська,3.9,2.1
2016-04,Кіровоградська,4.7,1.3
2016-04,Луганська,1.4,1.0
2016-04,Львівська,1.0,0.3
2016-04,Миколаївська,9.0,5.4
2016-04,Одеська,9.5,6.1
2016-04,Полтавська,1.9,0.8
2016-04,Рівненська,1.6,0.6
2016-04,Сумська,1.0,0.3
2016-04,Тернопільська,0.9,0.4
2016-04,Харківська,2.2,0.7
2016-04,Херсонська,4.2,2.1
2016-04,Хмельницька,0.8,1.2
2016-04,Черкаська,5.4,2.6
2016-04,Чернівецька,0.9,0.6
2016-04,Чернігівська,3.5,1.9
2016-04,Київ,3.4,1.7
2016-05,Вінницька,0.8,0.7
2016-05,Волинська,1.7,0.9
2016-05,Дніпропетровська,5.3,4.1
2016-05,Донецька,2.7,1.6
2016-05,Житомирська,2.9,1.0
2016-05,Закарпатська,0.7,0.3
2016-05,Запорізька,3.7,2.6
2016-05,Івано-Франківська,1.0,0.2
2016-05,Київська,6.7,1.8
2016-05,Кіровоградська,3.6,1.1
2016-05,Луганська,0.5,0.4
2016-05,Львівська,2.1,0.6
2016-05,Миколаївська,6.7,2.1
2016-05,Одеська,3.7,3.4
2016-05,Полтавська,2.3,1.5
2016-05,Рівненська,1.6,0.8
2016-05,Сумська,1.0,0.2
2016-05,Тернопільська,1.1,0.4
2016-05,Харківська,1.9,1.1
2016-05,Херсонська,2.7,0.9
2016-05,Хмельницька,0.8,0.9
2016-05,Черкаська,3.3,0.8
2016-05,Чернівецька,1.0,0.2
2016-05,Чернігівська,2.8,1.5
2016-05,Київ,4.8,0.9
2016-06,Вінницька,1.2,0.4
2016-06,Волинська,1.2,0.0
2016-06,Дніпропетровська,6.0,4.4
2016-06,Донецька,3.2,1.3
2016-06,Житомирська,2.3,1.1
2016-06,Закарпатська,0.5,0.3
2016-06,Запорізька,2.8,2.0
2016-06,Івано-Франківська,1.0,0.4
2016-06,Київська,3.8,0.8
2016-06,Кіровоградська,1.8,0.5
2016-06,Луганська,0.9,0.5
2016-06,Львівська,1.3,0.5
2016-06,Миколаївська,5.7,2.8
2016-06,Одеська,3.4,3.0
2016-06,Полтавська,2.6,1.5
2016-06,Рівненська,1.5,0.3
2016-06,Сумська,1.5,0.4
2016-06,Тернопільська,0.9,0.3
2016-06,Харківська,1.0,0.6
2016-06,Херсонська,5.8,1.2
2016-06,Хмельницька,0.8,0.5
2016-06,Черкаська,4.4,2.4
2016-06,Чернівецька,0.6,0.2
2016-06,Чернігівська,3.2,0.7
2016-06,Київ,5.0,2.3
2016-07,Вінницька,1.7,0.9
2016-07,Волинська,1.6,1.0
2016-07,Дніпропетровська,5.2,3.1
2016-07,Донецька,2.9,2.3
2016-07,Житомирська,2.5,0.9
2016-07,Закарпатська,0.5,0.2
2016-07,Запорізька,4.1,2.4
2016-07,Івано-Франківська,0.7,0.4
2016-07,Київська,4.9,1.5
2016-07,Кіровоградська,3.9,1.3
2016-07,Луганська,1.3,0.4
2016-07,Львівська,2.0,0.7
2016-07,Миколаївська,8.7,3.4
2016-07,Одеська,6.4,4.9
2016-07,Полтавська,2.9,1.5
2016-07,Рівненська,2.0,0.7
2016-07,Сумська,0.4,0.7
2016-07,Тернопільська,1.0,0.6
2016-07,Харківська,1.2,0.4
2016-07,Херсонська,4.6,1.2
2016-07,Хмельницька,0.4,0.2
2016-07,Черкаська,3.8,1.5
2016-07,Чернівецька,0.7,0.1
2016-07,Чернігівська,3.4,1.1
2016-07,Київ,4.6,1.5
2016-08,Вінницька,0.2,0.2
2016-08,Волинська,1.0,0.3
2016-08,Дніпропетровська,7.4,4.9
2016-08,Донецька,7.7,3.4
2016-08,Житомирська,2.6,1.3
2016-08,Закарпатська,0.6,0.5
2016-08,Запорізька,2.8,1.5
2016-08,Івано-Франківська,0.5,0.2
2016-08,Київська,6.4,2.4
2016-08,Кіровоградська,4.2,0.9
2016-08,Луганська,1.0,0.5
2016-08,Львівська,1.0,0.3
2016-08,Миколаївська,8.8,4.0
2016-08,Одеська,6.9,3.9
2016-08,Полтавська,1.6,1.2
2016-08,Рівненська,1.3,0.4
2016-08,Сумська,1.5,0.5
2016-08,Тернопільська,0.9,0.3
2016-08,Харківська,1.3,0.4
2016-08,Херсонська,3.9,0.7
2016-08,Хмельницька,1.0,0.5
2016-08,Черкаська,2.9,1.1
2016-08,Чернівецька,1.2,0.7
2016-08,Чернігівська,4.9,2.1
2016-08,Київ,4.0,1.3
2016-09,Вінницька,2.9,1.1
2016-09,Волинська,2.5,1.5
2016-09,Дніпропетровська,9.2,5.4
2016-09,Донецька,5.3,2.3
2016-09,Житомирська,3.9,1.4
2016-09,Закарпатська,0.6,0.6
2016-09,Запорізька,2.8,2.0
2016-09,Івано-Франківська,1.2,0.0
2016-09,Київська,7.1,4.5
2016-09,Кіровоградська,3.0,0.9
2016-09,Луганська,1.0,0.3
2016-09,Львівська,1.6,0.4
2016-09,Миколаївська,5.0,2.8
2016-09,Одеська,6.8,4.4
2016-09,Полтавська,2.2,0.9
2016-09,Рівненська,2.3,0.8
2016-09,Сумська,1.4,0.4
2016-09,Тернопільська,1.5,0.6
2016-09,Харківська,2.7,1.1
2016-09,Херсонська,4.8,1.5
2016-09,Хмельницька,2.9,1.7
2016-09,Черкаська,3.8,1.3
2016-09,Чернівецька,1.7,0.7
2016-09,Чернігівська,3.9,2.1
2016-09,Київ,5.4,1.7
2016-10,Вінницька,1.8,1.1
2016-10,Волинська,1.6,0.7
2016-10,Дніпропетровська,13.0,6.5
2016-10,Донецька,2.6,1.8
2016-10,Житомирська,3.1,1.5
2016-10,Закарпатська,0.7,0.4
2016-10,Запорізька,3.2,1.8
2016-10,Івано-Франківська,0.5,0.5
2016-10,Київська,4.6,1.3
2016-10,Кіровоградська,3.0,1.2
2016-10,Луганська,1.5,0.5
2016-10,Львівська,1.5,0.7
2016-10,Миколаївська,8.7,2.0
2016-10,Одеська,9.5,4.7
2016-10,Полтавська,2.7,1.4
2016-10,Рівненська,2.2,0.9
2016-10,Сумська,1.4,0.6
2016-10,Тернопільська,0.8,0.3
2016-10,Харківська,2.0,0.6
2016-10,Херсонська,3.2,1.3
2016-10,Хмельницька,1.4,0.9
2016-10,Черкаська,3.1,2.0
2016-10,Чернівецька,0.8,0.1
2016-10,Чернігівська,2.7,1.8
2016-10,Київ,4.3,1.4
2016-11,Вінницька,1.1,1.1
2016-11,Волинська,2.5,0.9
2016-11,Дніпропетровська,12.6,7.2
2016-11,Донецька,3.2,1.9
2016-11,Житомирська,3.1,1.4
2016-11,Закарпатська,0.4,0.0
2016-11,Запорізька,4.8,2.6
2016-11,Івано-Франківська,0.7,0.4
2016-11,Київська,5.4,4.0
2016-11,Кіровоградська,5.9,1.9
2016-11,Луганська,1.2,0.5
2016-11,Львівська,1.8,0.8
2016-11,Миколаївська,11.4,6.1
2016-11,Одеська,13.0,8.2
2016-11,Полтавська,2.4,1.3
2016-11,Рівненська,2.3,1.2
2016-11,Сумська,2.1,1.0
2016-11,Тернопільська,0.0,0.0
2016-11,Харківська,2.2,0.8
2016-11,Херсонська,4.7,2.4
2016-11,Хмельницька,1.3,1.2
2016-11,Черкаська,4.1,1.7
2016-11,Чернівецька,0.8,0.1
2016-11,Чернігівська,4.4,1.5
2016-11,Київ,5.5,1.2
2016-12,Вінницька,6.9,3.6
2016-12,Волинська,2.6,1.8
2016-12,Дніпропетровська,10.7,8.0
2016-12,Донецька,1.8,3.3
2016-12,Житомирська,3.7,1.4
2016-12,Закарпатська,1.6,0.5
2016-12,Запорізька,3.5,2.3
2016-12,Івано-Франківська,1.5,0.1
2016-12,Київська,5.9,2.3
2016-12,Кіровоградська,4.8,2.5
2016-12,Луганська,0.9,0.7
2016-12,Львівська,3.0,0.7
2016-12,Миколаївська,4.8,2.3
2016-12,Одеська,7.8,5.7
2016-12,Полтавська,2.6,0.9
2016-12,Рівненська,2.4,0.8
2016-12,Сумська,4.1,2.3
2016-12,Тернопільська,2.4,0.5
2016-12,Харківська,2.4,0.8
2016-12,Херсонська,7.3,5.3
2016-12,Хмельницька,2.9,1.5
2016-12,Черкаська,4.8,1.2
2016-12,Чернівецька,0.5,0.5
2016-12,Чернігівська,5.4,3.5
2016-12,Київ,6.4,2.6
2017-01,Вінницька,0.4,0.3
2017-01,Волинська,1.7,1.0
2017-01,Дніпропетровська,9.9,6.6
2017-01,Донецька,3.5,2.6
2017-01,Житомирська,3.2,1.6
2017-01,Закарпатська,0.8,0.6
2017-01,Запорізька,2.2,1.7
2017-01,Івано-Франківська,0.7,0.2
2017-01,Київська,3.2,1.3
2017-01,Кіровоградська,3.3,2.2
2017-01,Луганська,0.6,0.4
2017-01,Львівська,1.7,1.1
2017-01,Миколаївська,5.1,2.4
2017-01,Одеська,7.6,4.6
2017-01,Полтавська,2.2,1.0
2017-01,Рівненська,1.9,0.4
2017-01,Сумська,0.7,0.1
2017-01,Тернопільська,0.8,0.3
2017-01,Харківська,2.0,0.7
2017-01,Херсонська,3.3,1.3
2017-01,Хмельницька,1.1,0.5
2017-01,Черкаська,3.4,1.7
2017-01,Чернівецька,0.5,0.2
2017-01,Чернігівська,3.2,1.8
2017-01,Київ,4.3,1.3
2017-02,Вінницька,1.7,0.6
2017-02,Волинська,2.7,1.6
2017-02,Дніпропетровська,10.5,6.3
2017-02,Донецька,2.7,1.7
2017-02,Житомирська,3.4,0.8
2017-02,Закарпатська,0.6,0.1
2017-02,Запорізька,4.2,2.2
2017-02,Івано-Франківська,0.9,0.2
2017-02,Київська,4.5,2.6
2017-02,Кіровоградська,6.8,2.5
2017-02,Луганська,1.2,0.5
2017-02,Львівська,1.9,1.1
2017-02,Миколаївська,9.8,2.3
2017-02,Одеська,7.6,4.8
2017-02,Полтавська,3.0,1.4
2017-02,Рівненська,2.1,0.8
2017-02,Сумська,2.2,1.4
2017-02,Тернопільська,0.8,0.3
2017-02,Харківська,1.6,0.7
2017-02,Херсонська,6.5,3.9
2017-02,Хмельницька,1.5,0.9
2017-02,Черкаська,3.1,2.2
2017-02,Чернівецька,1.1,0.4
2017-02,Чернігівська,5.5,2.0
2017-02,Київ,5.9,2.0
2017-03,Вінницька,1.8,1.4
2017-03,Волинська,3.7,1.5
2017-03,Дніпропетровська,10.3,7.4
2017-03,Донецька,2.4,1.8
2017-03,Житомирська,4.4,1.9
2017-03,Закарпатська,0.9,0.2
2017-03,Запорізька,3.3,2.2
2017-03,Івано-Франківська,1.7,1.2
2017-03,Київська,6.1,1.1
2017-03,Кіровоградська,5.1,2.8
2017-03,Луганська,1.7,0.7
2017-03,Львівська,1.4,0.7
2017-03,Миколаївська,7.3,3.9
2017-03,Одеська,10.2,5.3
2017-03,Полтавська,3.1,1.1
2017-03,Рівненська,1.5,0.7
2017-03,Сумська,1.3,0.7
2017-03,Тернопільська,0.5,0.2
2017-03,Харківська,1.9,1.0
2017-03,Херсонська,5.2,1.9
2017-03,Хмельницька,1.3,0.5
2017-03,Черкаська,4.1,2.0
2017-03,Чернівецька,0.4,0.0
2017-03,Чернігівська,5.9,2.1
2017-03,Київ,6.2,1.8
2017-04,Вінницька,1.4,1.0
2017-04,Волинська,2.2,1.0
2017-04,Дніпропетровська,7.1,5.2
2017-04,Донецька,2.8,2.1
2017-04,Житомирська,3.1,1.4
2017-04,Закарпатська,0.6,0.3
2017-04,Запорізька,2.8,2.4
2017-04,Івано-Франківська,1.2,0.7
2017-04,Київська,4.6,2.9
2017-04,Кіровоградська,5.9,2.2
2017-04,Луганська,0.8,0.5
2017-04,Львівська,1.5,0.8
2017-04,Миколаївська,6.5,3.6
2017-04,Одеська,8.0,5.7
2017-04,Полтавська,1.6,0.9
2017-04,Рівненська,1.0,0.1
2017-04,Сумська,0.8,0.5
2017-04,Тернопільська,0.8,0.3
2017-04,Харківська,1.6,0.5
2017-04,Херсонська,4.6,2.4
2017-04,Хмельницька,1.2,1.0
2017-04,Черкаська,3.4,1.9
2017-04,Чернівецька,0.6,0.1
2017-04,Чернігівська,2.7,1.2
2017-04,Київ,4.3,1.7
2017-05,Вінницька,0.7,0.7
2017-05,Волинська,2.6,0.9
2017-05,Дніпропетровська,8.6,5.3
2017-05,Донецька,2.2,1.8
2017-05,Житомирська,3.1,1.9
2017-05,Закарпатська,0.8,0.5
2017-05,Запорізька,3.7,2.8
2017-05,Івано-Франківська,1.1,0.7
2017-05,Київська,4.8,1.4
2017-05,Кіровоградська,5.3,1.7
2017-05,Луганська,0.7,0.2
2017-05,Львівська,1.6,1.0
2017-05,Миколаївська,5.9,2.7
2017-05,Одеська,7.8,5.1
2017-05,Полтавська,1.5,0.7
2017-05,Рівненська,1.4,0.5
2017-05,Сумська,2.4,1.3
2017-05,Тернопільська,0.2,0.1
2017-05,Харківська,2.2,0.6
2017-05,Херсонська,4.6,1.9
2017-05,Хмельницька,1.6,0.5
2017-05,Черкаська,4.1,2.4
2017-05,Чернівецька,0.8,0.1
2017-05,Чернігівська,4.0,1.9
2017-05,Київ,5.7,1.6
2017-06,Вінницька,2.7,1.2
2017-06,Волинська,1.2,0.8
2017-06,Дніпропетровська,9.3,4.5
2017-06,Донецька,3.2,2.1
2017-06,Житомирська,2.3,1.1
2017-06,Закарпатська,1.0,0.3
2017-06,Запорізька,2.7,1.5
2017-06,Івано-Франківська,1.3,0.4
2017-06,Київська,3.3,1.2
2017-06,Кіровоградська,3.1,0.9
2017-06,Луганська,1.0,0.5
2017-06,Львівська,1.1,0.7
2017-06,Миколаївська,4.5,1.0
2017-06,Одеська,6.8,4.8
2017-06,Полтавська,2.5,1.5
2017-06,Рівненська,1.6,0.7
2017-06,Сумська,1.6,0.9
2017-06,Тернопільська,0.6,0.2
2017-06,Харківська,2.4,0.8
2017-06,Херсонська,5.4,2.5
2017-06,Хмельницька,2.1,1.2
2017-06,Черкаська,2.3,1.2
2017-06,Чернівецька,0.7,0.2
2017-06,Чернігівська,5.3,2.1
2017-06,Київ,4.1,0.9
2017-07,Вінницька,1.2,0.3
2017-07,Волинська,2.2,1.7
2017-07,Дніпропетровська,8.5,5.2
2017-07,Донецька,2.7,2.0
2017-07,Житомирська,2.8,1.3
2017-07,Закарпатська,0.5,0.2
2017-07,Запорізька,2.6,2.0
2017-07,Івано-Франківська,1.2,0.3
2017-07,Київська,6.6,1.8
2017-07,Кіровоградська,5.2,2.0
2017-07,Луганська,1.1,0.4
2017-07,Львівська,1.5,0.8
2017-07,Миколаївська,9.3,3.1
2017-07,Одеська,10.8,5.7
2017-07,Полтавська,2.6,1.5
2017-07,Рівненська,1.0,0.4
2017-07,Сумська,0.5,0.6
2017-07,Тернопільська,0.5,0.1
2017-07,Харківська,2.2,1.7
2017-07,Херсонська,5.0,1.8
2017-07,Хмельницька,1.9,1.9
2017-07,Черкаська,3.7,2.0
2017-07,Чернівецька,1.4,0.3
2017-07,Чернігівська,4.5,1.8
2017-07,Київ,5.4,1.1
2017-08,Вінницька,1.1,0.5
2017-08,Волинська,1.8,0.5
2017-08,Дніпропетровська,11.3,6.3
2017-08,Донецька,2.3,1.7
2017-08,Житомирська,2.3,0.8
2017-08,Закарпатська,0.3,0.0
2017-08,Запорізька,2.6,1.3
2017-08,Івано-Франківська,0.9,0.3
2017-08,Київська,3.7,1.4
2017-08,Кіровоградська,4.9,2.2
2017-08,Луганська,0.9,0.4
2017-08,Львівська,0.8,0.3
2017-08,Миколаївська,6.0,1.4
2017-08,Одеська,6.7,4.1
2017-08,Полтавська,1.4,1.1
2017-08,Рівненська,0.9,0.6
2017-08,Сумська,2.2,0.4
2017-08,Тернопільська,0.6,0.0
2017-08,Харківська,2.8,1.4
2017-08,Херсонська,3.2,1.7
2017-08,Хмельницька,1.1,0.5
2017-08,Черкаська,2.8,1.5
2017-08,Чернівецька,0.6,0.2
2017-08,Чернігівська,1.4,0.5
2017-08,Київ,4.7,1.5
2017-09,Вінницька,1.5,0.4
2017-09,Волинська,1.3,0.9
2017-09,Дніпропетровська,9.5,5.9
2017-09,Донецька,2.7,1.7
2017-09,Житомирська,3.1,1.6
2017-09,Закарпатська,0.9,0.3
2017-09,Запорізька,3.1,1.6
2017-09,Івано-Франківська,0.9,0.4
2017-09,Київська,6.3,2.0
2017-09,Кіровоградська,3.5,1.0
2017-09,Луганська,1.3,0.6
2017-09,Львівська,1.6,0.7
2017-09,Миколаївська,5.4,1.7
2017-09,Одеська,8.4,4.4
2017-09,Полтавська,1.5,0.8
2017-09,Рівненська,1.0,0.3
2017-09,Сумська,1.5,0.2
2017-09,Тернопільська,0.3,0.0
2017-09,Харківська,1.9,0.8
2017-09,Херсонська,4.9,1.9
2017-09,Хмельницька,1.5,0.5
2017-09,Черкаська,4.5,0.7
2017-09,Чернівецька,1.1,0.3
2017-09,Чернігівська,4.6,1.7
2017-09,Київ,4.3,1.2
2017-10,Вінницька,1.3,1.2
2017-10,Волинська,2.4,0.8
2017-10,Дніпропетровська,7.1,3.6
2017-10,Донецька,4.0,1.9
2017-10,Житомирська,2.7,1.4
2017-10,Закарпатська,1.4,0.5
2017-10,Запорізька,2.4,1.2
2017-10,Івано-Франківська,0.9,0.4
2017-10,Київська,5.1,1.2
2017-10,Кіровоградська,6.3,2.9
2017-10,Луганська,0.7,0.4
2017-10,Львівська,1.1,0.9
2017-10,Миколаївська,7.1,3.7
2017-10,Одеська,8.6,5.2
2017-10,Полтавська,2.0,0.8
2017-10,Рівненська,2.2,0.4
2017-10,Сумська,2.1,0.9
2017-10,Тернопільська,1.2,0.4
2017-10,Харківська,2.0,0.8
2017-10,Херсонська,3.4,1.6
2017-10,Хмельницька,0.9,0.8
2017-10,Черкаська,3.0,1.2
2017-10,Чернівецька,1.0,0.6
2017-10,Чернігівська,2.1,1.0
2017-10,Київ,4.4,1.3
2017-11,Вінницька,3.2,1.5
2017-11,Волинська,1.5,1.3
2017-11,Дніпропетровська,8.7,4.9
2017-11,Донецька,3.2,2.2
2017-11,Житомирська,3.5,2.0
2017-11,Закарпатська,1.0,0.4
2017-11,Запорізька,3.2,1.2
2017-11,Івано-Франківська,0.8,0.2
2017-11,Київська,3.9,0.9
2017-11,Кіровоградська,3.5,1.8
2017-11,Луганська,0.4,0.1
2017-11,Львівська,1.8,0.7
2017-11,Миколаївська,6.1,1.7
2017-11,Одеська,10.8,9.9
2017-11,Полтавська,2.5,1.3
2017-11,Рівненська,1.6,1.3
2017-11,Сумська,1.3,0.0
2017-11,Тернопільська,1.2,0.0
2017-11,Харківська,1.6,0.5
2017-11,Херсонська,5.8,3.1
2017-11,Хмельницька,2.4,1.2
2017-11,Черкаська,3.1,1.5
2017-11,Чернівецька,0.7,0.2
2017-11,Чернігівська,4.7,1.7
2017-11,Київ,4.9,1.4
2017-12,Вінницька,3.3,1.1
2017-12,Волинська,1.9,1.9
2017-12,Дніпропетровська,9.9,6.3
2017-12,Донецька,3.0,1.6
2017-12,Житомирська,3.6,1.5
2017-12,Закарпатська,0.8,0.1
2017-12,Запорізька,3.6,2.0
2017-12,Івано-Франківська,0.7,0.3
2017-12,Київська,5.4,1.9
2017-12,Кіровоградська,5.6,1.6
2017-12,Луганська,1.0,0.2
2017-12,Львівська,2.2,0.9
2017-12,Миколаївська,7.2,3.3
2017-12,Одеська,19.9,11.9
2017-12,Полтавська,2.1,1.9
2017-12,Рівненська,1.9,1.0
2017-12,Сумська,3.5,1.2
2017-12,Тернопільська,1.7,0.8
2017-12,Харківська,2.3,0.8
2017-12,Херсонська,8.1,3.8
2017-12,Хмельницька,2.1,1.0
2017-12,Черкаська,3.1,1.0
2017-12,Чернівецька,1.4,0.5
2017-12,Чернігівська,8.0,4.9
2017-12,Київ,4.8,1.4
2018-01,Вінницька,1.4,0.8
2018-01,Волинська,1.6,0.8
2018-01,Дніпропетровська,7.6,3.6
2018-01,Донецька,2.9,2.1
2018-01,Житомирська,2.6,0.8
2018-01,Закарпатська,1.4,0.8
2018-01,Запорізька,3.4,1.5
2018-01,Івано-Франківська,1.3,0.4
2018-01,Київська,5.2,2.6
2018-01,Кіровоградська,5.2,1.9
2018-01,Луганська,0.6,0.4
2018-01,Львівська,1.3,0.8
2018-01,Миколаївська,7.5,4.2
2018-01,Одеська,7.2,8.9
2018-01,Полтавська,2.2,0.7
2018-01,Рівненська,1.6,0.9
2018-01,Сумська,1.0,0.6
2018-01,Тернопільська,0.2,0.1
2018-01,Харківська,2.1,1.0
2018-01,Херсонська,2.6,0.9
2018-01,Хмельницька,1.2,1.0
2018-01,Черкаська,2.4,1.2
2018-01,Чернівецька,0.7,0.3
2018-01,Чернігівська,2.4,1.5
2018-01,Київ,5.3,1.7
2018-02,Вінницька,2.3,1.2
2018-02,Волинська,2.6,1.6
2018-02,Дніпропетровська,8.4,4.4
2018-02,Донецька,3.0,2.0
2018-02,Житомирська,4.4,2.2
2018-02,Закарпатська,1.1,0.7
2018-02,Запорізька,3.3,1.9
2018-02,Івано-Франківська,1.3,0.4
2018-02,Київська,5.8,1.9
2018-02,Кіровоградська,4.6,1.7
2018-02,Луганська,0.6,0.4
2018-02,Львівська,1.7,0.9
2018-02,Миколаївська,7.4,1.9
2018-02,Одеська,6.0,4.9
2018-02,Полтавська,2.6,1.3
2018-02,Рівненська,3.0,1.0
2018-02,Сумська,2.2,0.7
2018-02,Тернопільська,0.3,0.4
2018-02,Харківська,1.9,0.7
2018-02,Херсонська,3.7,2.3
2018-02,Хмельницька,2.4,1.2
2018-02,Черкаська,2.1,1.1
2018-02,Чернівецька,0.6,0.3
2018-02,Чернігівська,3.8,1.1
2018-02,Київ,6.1,1.6
2018-03,Вінницька,2.1,0.9
2018-03,Волинська,2.1,1.1
2018-03,Дніпропетровська,7.8,4.3
2018-03,Донецька,2.8,2.1
2018-03,Житомирська,4.0,2.1
2018-03,Закарпатська,0.7,0.3
2018-03,Запорізька,3.8,1.4
2018-03,Івано-Франківська,1.5,0.7
2018-03,Київська,3.6,1.5
2018-03,Кіровоградська,4.6,1.6
2018-03,Луганська,1.1,0.5
2018-03,Львівська,1.3,0.4
2018-03,Миколаївська,4.1,1.8
2018-03,Одеська,11.1,6.9
2018-03,Полтавська,2.0,0.8
2018-03,Рівненська,1.6,0.5
2018-03,Сумська,2.3,0.9
2018-03,Тернопільська,0.9,0.3
2018-03,Харківська,1.9,0.6
2018-03,Херсонська,4.9,2.2
2018-03,Хмельницька,2.1,1.4
2018-03,Черкаська,4.3,1.6
2018-03,Чернівецька,1.2,0.7
2018-03,Чернігівська,2.8,1.1
2018-03,Київ,5.1,1.2
2018-04,Вінницька,0.8,0.6
2018-04,Волинська,1.5,1.0
2018-04,Дніпропетровська,8.6,4.3
2018-04,Донецька,3.3,2.3
2018-04,Житомирська,2.7,1.1
2018-04,Закарпатська,0.4,0.2
2018-04,Запорізька,2.8,1.1
2018-04,Івано-Франківська,0.8,0.3
2018-04,Київська,3.4,1.0
2018-04,Кіровоградська,2.5,0.7
2018-04,Луганська,0.9,0.5
2018-04,Львівська,1.3,0.7
2018-04,Миколаївська,6.3,3.6
2018-04,Одеська,8.8,5.8
2018-04,Полтавська,2.5,1.3
2018-04,Рівненська,2.3,0.6
2018-04,Сумська,1.9,1.5
2018-04,Тернопільська,0.8,0.4
2018-04,Харківська,2.0,0.8
2018-04,Херсонська,3.1,2.5
2018-04,Хмельницька,1.3,0.9
2018-04,Черкаська,4.0,1.9
2018-04,Чернівецька,0.9,0.4
2018-04,Чернігівська,4.9,1.6
2018-04,Київ,5.0,1.6
2018-05,Вінницька,2.0,0.9
2018-05,Волинська,2.3,1.1
2018-05,Дніпропетровська,9.3,4.3
2018-05,Донецька,3.2,2.1
2018-05,Житомирська,3.0,1.3
2018-05,Закарпатська,1.4,0.6
2018-05,Запорізька,4.5,1.4
2018-05,Івано-Франківська,1.6,0.1
2018-05,Київська,4.3,1.9
2018-05,Кіровоградська,4.6,2.3
2018-05,Луганська,0.9,0.4
2018-05,Львівська,1.3,0.9
2018-05,Миколаївська,4.5,2.6
2018-05,Одеська,5.8,4.7
2018-05,Полтавська,2.3,0.9
2018-05,Рівненська,1.9,0.8
2018-05,Сумська,1.4,0.9
2018-05,Тернопільська,0.8,0.4
2018-05,Харківська,2.1,0.9
2018-05,Херсонська,3.5,1.8
2018-05,Хмельницька,1.6,0.9
2018-05,Черкаська,3.8,1.1
2018-05,Чернівецька,1.5,0.6
2018-05,Чернігівська,3.7,1.4
2018-05,Київ,5.7,1.2
2018-06,Вінницька,2.1,1.3
2018-06,Волинська,2.3,1.1
2018-06,Дніпропетровська,10.7,5.6
2018-06,Донецька,3.5,2.0
2018-06,Житомирська,1.9,0.9
2018-06,Закарпатська,0.3,0.2
2018-06,Запорізька,2.4,1.1
2018-06,Івано-Франківська,0.8,0.3
2018-06,Київська,5.4,1.4
2018-06,Кіровоградська,2.9,1.1
2018-06,Луганська,1.0,0.5
2018-06,Львівська,2.3,1.4
2018-06,Миколаївська,6.4,2.3
2018-06,Одеська,9.5,5.9
2018-06,Полтавська,2.9,1.4
2018-06,Рівненська,1.6,0.7
2018-06,Сумська,1.0,0.6
2018-06,Тернопільська,0.6,0.1
2018-06,Харківська,1.8,0.9
2018-06,Херсонська,5.0,1.9
2018-06,Хмельницька,1.8,1.4
2018-06,Черкаська,4.9,2.6
2018-06,Чернівецька,1.0,0.3
2018-06,Чернігівська,4.1,1.5
2018-06,Київ,4.8,1.8
2018-07,Вінницька,1.6,0.9
2018-07,Волинська,2.6,1.4
2018-07,Дніпропетровська,8.8,4.1
2018-07,Донецька,3.6,2.0
2018-07,Житомирська,3.2,1.9
2018-07,Закарпатська,1.2,0.4
2018-07,Запорізька,3.2,1.7
2018-07,Івано-Франківська,1.2,0.3
2018-07,Київська,4.0,1.4
2018-07,Кіровоградська,5.8,2.4
2018-07,Луганська,1.4,0.4
2018-07,Львівська,1.9,0.9
2018-07,Миколаївська,6.6,3.0
2018-07,Одеська,6.3,3.0
2018-07,Полтавська,2.2,1.0
2018-07,Рівненська,1.9,0.5
2018-07,Сумська,1.5,1.0
2018-07,Тернопільська,0.8,0.3
2018-07,Харківська,1.6,0.9
2018-07,Херсонська,5.1,2.7
2018-07,Хмельницька,2.4,1.3
2018-07,Черкаська,3.9,1.5
2018-07,Чернівецька,0.8,0.4
2018-07,Чернігівська,2.1,0.7
2018-07,Київ,6.4,1.9
2018-08,Вінницька,1.4,1.1
2018-08,Волинська,1.4,0.4
2018-08,Дніпропетровська,7.6,3.6
2018-08,Донецька,3.2,2.1
2018-08,Житомирська,2.9,1.2
2018-08,Закарпатська,1.0,0.6
2018-08,Запорізька,3.4,1.1
2018-08,Івано-Франківська,0.7,0.2
2018-08,Київська,4.0,2.2
2018-08,Кіровоградська,3.7,1.2
2018-08,Луганська,0.8,0.9
2018-08,Львівська,1.5,0.8
2018-08,Миколаївська,7.6,3.6
2018-08,Одеська,8.9,5.3
2018-08,Полтавська,2.6,0.5
2018-08,Рівненська,2.6,0.9
2018-08,Сумська,1.7,0.5
2018-08,Тернопільська,0.8,0.2
2018-08,Харківська,2.7,1.0
2018-08,Херсонська,3.7,0.9
2018-08,Хмельницька,0.7,0.4
2018-08,Черкаська,4.0,1.9
2018-08,Чернівецька,1.1,0.6
2018-08,Чернігівська,6.0,2.7
2018-08,Київ,5.2,1.4
2018-09,Вінницька,2.2,1.3
2018-09,Волинська,1.3,0.6
2018-09,Дніпропетровська,9.8,5.3
2018-09,Донецька,3.4,1.6
2018-09,Житомирська,3.6,2.1
2018-09,Закарпатська,0.8,0.3
2018-09,Запорізька,3.0,1.7
2018-09,Івано-Франківська,1.2,0.2
2018-09,Київ,5.3,1.5
2018-09,Київська,4.5,2.0
2018-09,Кіровоградська,4.4,2.4
2018-09,Луганська,0.7,0.3
2018-09,Львівська,1.8,1.0
2018-09,Миколаївська,4.7,2.1
2018-09,Одеська,10.6,7.7
2018-09,Полтавська,1.9,0.5
2018-09,Рівненська,1.7,0.4
2018-09,Сумська,1.7,0.5
2018-09,Тернопільська,0.7,0.9
2018-09,Харківська,2.5,1.3
2018-09,Херсонська,4.7,1.0
2018-09,Хмельницька,1.9,1.3
2018-09,Черкаська,3.0,0.6
2018-09,Чернівецька,0.6,0.2
2018-09,Чернігівська,7.3,2.9
2018-10,Вінницька,1.6,0.6
2018-10,Волинська,2.3,1.4
2018-10,Дніпропетровська,6.9,3.4
2018-10,Донецька,3.7,1.9
2018-10,Житомирська,3.2,1.5
2018-10,Закарпатська,0.7,0.2
2018-10,Запорізька,2.9,1.6
2018-10,Івано-Франківська,0.7,0.2
2018-10,Київ,5.8,1.6
2018-10,Київська,4.0,0.9
2018-10,Кіровоградська,4.3,2.1
2018-10,Луганська,0.8,0.5
2018-10,Львівська,1.4,0.4
2018-10,Миколаївська,6.2,3.0
2018-10,Одеська,8.5,5.9
2018-10,Полтавська,2.4,0.7
2018-10,Рівненська,1.4,0.6
2018-10,Сумська,1.8,0.4
2018-10,Тернопільська,0.6,0.1
2018-10,Харківська,1.5,0.4
2018-10,Херсонська,4.5,1.5
2018-10,Хмельницька,1.7,0.9
2018-10,Черкаська,2.9,1.3
2018-10,Чернівецька,0.7,0.4
2018-10,Чернігівська,1.7,0.3
2018-11,Вінницька,2.2,0.7
2018-11,Волинська,1.8,0.8
2018-11,Дніпропетровська,11.3,5.0
2018-11,Донецька,2.9,2.1
2018-11,Житомирська,3.5,2.0
2018-11,Закарпатська,1.0,0.5
2018-11,Запорізька,3.4,1.3
2018-11,Івано-Франківська,0.9,0.2
2018-11,Київ,4.6,1.8
2018-11,Київська,4.0,0.9
2018-11,Кіровоградська,5.1,1.9
2018-11,Луганська,0.6,0.2
2018-11,Львівська,2.3,1.1
2018-11,Миколаївська,6.1,1.3
2018-11,Одеська,14.9,7.9
2018-11,Полтавська,3.3,0.6
2018-11,Рівненська,1.5,0.9
2018-11,Сумська,1.4,0.5
2018-11,Тернопільська,0.9,0.6
2018-11,Харківська,2.3,0.5
2018-11,Херсонська,3.0,1.3
2018-11,Хмельницька,1.7,1.1
2018-11,Черкаська,3.5,1.1
2018-11,Чернівецька,0.8,0.3
2018-11,Чернігівська,3.5,1.0
2018-12,Вінницька,1.6,1.8
2018-12,Волинська,2.9,1.3
2018-12,Дніпропетровська,9.9,5.1
2018-12,Донецька,2.4,1.2
2018-12,Житомирська,3.0,1.6
2018-12,Закарпатська,0.5,1.2
2018-12,Запорізька,3.9,1.5
2018-12,Івано-Франківська,0.7,0.4
2018-12,Київ,4.0,1.3
2018-12,Київська,5.4,4.2
2018-12,Кіровоградська,4.1,1.6
2018-12,Луганська,0.4,0.3
2018-12,Львівська,2.3,2.6
2018-12,Миколаївська,7.2,2.1
2018-12,Одеська,11.6,7.8
2018-12,Полтавська,2.0,0.4
2018-12,Рівненська,1.6,0.7
2018-12,Сумська,2.9,1.5
2018-12,Тернопільська,1.1,0.4
2018-12,Харківська,2.2,0.9
2018-12,Херсонська,4.4,1.5
2018-12,Хмельницька,2.2,1.3
2018-12,Черкаська,2.9,1.1
2018-12,Чернівецька,0.7,0.4
2018-12,Чернігівська,5.7,2.2
2019-01,Вінницька,1.0,0.7
2019-01,Волинська,1.2,1.0
2019-01,Дніпропетровська,9.5,5.2
2019-01,Донецька,7.0,5.5
2019-01,Житомирська,2.4,1.6
2019-01,Закарпатська,0.8,0.3
2019-01,Запорізька,2.5,1.8
2019-01,Івано-Франківська,0.9,0.6
2019-01,Київська,2.6,1.0
2019-01,Кіровоградська,4.6,1.8
2019-01,Луганська,1.7,1.2
2019-01,Львівська,0.5,0.3
2019-01,Миколаївська,5.5,2.1
2019-01,Одеська,7.4,4.6
2019-01,Полтавська,2.2,0.5
2019-01,Рівненська,1.2,0.5
2019-01,Сумська,0.8,0.2
2019-01,Тернопільська,0.8,0.6
2019-01,Харківська,1.9,0.8
2019-01,Херсонська,3.7,1.9
2019-01,Хмельницька,0.9,0.8
2019-01,Черкаська,2.2,0.9
2019-01,Чернівецька,0.8,0.1
2019-01,Чернігівська,1.4,0.8
2019-01,Київ,4.5,0.9
2019-02,Вінницька,0.9,0.9
2019-02,Волинська,0.7,1.2
2019-02,Дніпропетровська,9.8,5.4
2019-02,Донецька,6.1,4.4
2019-02,Житомирська,2.5,1.1
2019-02,Закарпатська,0.7,0.3
2019-02,Запорізька,3.1,1.2
2019-02,Івано-Франківська,1.0,0.3
2019-02,Київська,3.3,1.8
2019-02,Кіровоградська,4.6,2.2
2019-02,Луганська,1.7,1.4
2019-02,Львівська,1.3,0.8
2019-02,Миколаївська,5.4,3.2
2019-02,Одеська,8.1,4.6
2019-02,Полтавська,2.5,0.7
2019-02,Рівненська,1.6,0.9
2019-02,Сумська,1.8,0.5
2019-02,Тернопільська,0.8,0.4
2019-02,Харківська,1.0,0.5
2019-02,Херсонська,4.6,1.4
2019-02,Хмельницька,1.1,0.9
2019-02,Черкаська,2.6,0.7
2019-02,Чернівецька,0.7,0.4
2019-02,Чернігівська,4.5,1.6
2019-02,Київ,4.6,2.0
2019-03,Вінницька,2.2,2.3
2019-03,Волинська,2.0,1.6
2019-03,Дніпропетровська,7.4,3.7
2019-03,Донецька,6.1,4.0
2019-03,Житомирська,3.1,1.8
2019-03,Закарпатська,1.2,0.8
2019-03,Запорізька,3.9,1.6
2019-03,Івано-Франківська,1.1,0.3
2019-03,Київська,3.5,2.0
2019-03,Кіровоградська,5.7,2.0
2019-03,Луганська,1.4,1.3
2019-03,Львівська,1.0,0.8
2019-03,Миколаївська,4.2,1.7
2019-03,Одеська,7.6,5.6
2019-03,Полтавська,1.5,0.3
2019-03,Рівненська,1.6,0.6
2019-03,Сумська,1.3,1.1
2019-03,Тернопільська,0.2,0.2
2019-03,Харківська,2.9,1.5
2019-03,Херсонська,5.4,2.6
2019-03,Хмельницька,1.1,0.9
2019-03,Черкаська,4.0,2.0
2019-03,Чернівецька,0.9,0.8
2019-03,Чернігівська,5.0,1.6
2019-03,Київ,4.4,1.4
2019-04,Вінницька,1.2,1.0
2019-04,Волинська,1.6,1.0
2019-04,Дніпропетровська,9.0,4.3
2019-04,Донецька,7.4,4.8
2019-04,Житомирська,2.3,0.8
2019-04,Закарпатська,0.6,0.3
2019-04,Запорізька,2.9,1.2
2019-04,Івано-Франківська,0.9,0.1
2019-04,Київська,2.9,1.3
2019-04,Кіровоградська,4.5,2.3
2019-04,Луганська,3.2,2.9
2019-04,Львівська,1.3,0.5
2019-04,Миколаївська,4.2,1.7
2019-04,Одеська,7.5,1.2
2019-04,Полтавська,1.8,7.9
2019-04,Рівненська,1.0,0.5
2019-04,Сумська,1.1,0.5
2019-04,Тернопільська,0.7,0.4
2019-04,Харківська,1.3,0.1
2019-04,Херсонська,4.6,2.0
2019-04,Хмельницька,1.0,1.6
2019-04,Черкаська,2.9,1.3
2019-04,Чернівецька,0.6,2.0
2019-04,Чернігівська,3.9,0.2
2019-04,Київ,4.3,0.6
2019-05,Вінницька,1.1,0.8
2019-05,Волинська,2.2,1.5
2019-05,Дніпропетровська,7.8,4.4
2019-05,Донецька,6.8,4.4
2019-05,Житомирська,3.5,2.4
2019-05,Закарпатська,0.6,0.3
2019-05,Запорізька,2.4,1.0
2019-05,Івано-Франківська,0.6,0.1
2019-05,Київська,3.2,1.7
2019-05,Кіровоградська,3.5,3.0
2019-05,Луганська,2.3,3.2
2019-05,Львівська,1.2,0.4
2019-05,Миколаївська,4.4,1.1
2019-05,Одеська,7.9,0.6
2019-05,Полтавська,2.3,8.5
2019-05,Рівненська,1.5,0.7
2019-05,Сумська,0.9,0.7
2019-05,Тернопільська,1.0,0.9
2019-05,Харківська,2.0,0.2
2019-05,Херсонська,4.5,1.4
2019-05,Хмельницька,2.1,1.3
2019-05,Черкаська,3.4,1.2
2019-05,Чернівецька,0.7,1.7
2019-05,Чернігівська,0.8,0.1
2019-05,Київ,4.8,0.1
2019-06,Вінницька,1.9,0.6
2019-06,Волинська,1.1,0.7
2019-06,Дніпропетровська,8.2,4.2
2019-06,Донецька,7.0,4.2
2019-06,Житомирська,2.3,1.3
2019-06,Закарпатська,0.7,0.2
2019-06,Запорізька,2.3,0.9
2019-06,Івано-Франківська,0.4,0.7
2019-06,Київська,2.9,1.7
2019-06,Кіровоградська,5.7,2.0
2019-06,Луганська,2.2,1.6
2019-06,Львівська,1.5,0.7
2019-06,Миколаївська,5.1,2.7
2019-06,Одеська,7.3,5.2
2019-06,Полтавська,1.7,0.2
2019-06,Рівненська,0.8,0.4
2019-06,Сумська,1.3,1.1
2019-06,Тернопільська,0.7,0.3
2019-06,Харківська,1.3,1.1
2019-06,Херсонська,4.5,2.1
2019-06,Хмельницька,2.0,1.5
2019-06,Черкаська,2.6,1.1
2019-06,Чернівецька,0.4,0.2
2019-06,Чернігівська,3.3,1.2
2019-06,Київ,4.5,1.3
2019-07,Вінницька,0.8,0.3
2019-07,Волинська,0.7,1.1
2019-07,Дніпропетровська,9.4,3.4
2019-07,Донецька,6.6,3.7
2019-07,Житомирська,1.8,0.5
2019-07,Закарпатська,0.7,0.6
2019-07,Запорізька,2.2,0.8
2019-07,Івано-Франківська,0.9,0.0
2019-07,Київська,4.1,2.2
2019-07,Кіровоградська,6.3,2.1
2019-07,Луганська,3.4,1.2
2019-07,Львівська,1.1,0.9
2019-07,Миколаївська,4.3,3.2
2019-07,Одеська,7.9,6.5
2019-07,Полтавська,2.0,0.6
2019-07,Рівненська,1.0,0.5
2019-07,Сумська,1.5,0.6
2019-07,Тернопільська,1.0,0.3
2019-07,Харківська,1.3,0.6
2019-07,Херсонська,3.3,1.4
2019-07,Хмельницька,1.0,1.2
2019-07,Черкаська,4.5,2.2
2019-07,Чернівецька,1.2,0.2
2019-07,Чернігівська,3.7,1.1
2019-07,Київ,4.3,1.1
2019-08,Вінницька,1.5,1.1
2019-08,Волинська,1.2,1.4
2019-08,Дніпропетровська,10.3,3.4
2019-08,Донецька,6.1,3.4
2019-08,Житомирська,2.0,1.0
2019-08,Закарпатська,0.5,0.2
2019-08,Запорізька,2.9,0.9
2019-08,Івано-Франківська,1.0,0.0
2019-08,Київська,3.6,2.0
2019-08,Кіровоградська,5.6,2.7
2019-08,Луганська,2.0,0.9
2019-08,Львівська,1.4,0.9
2019-08,Миколаївська,5.6,1.7
2019-08,Одеська,5.8,3.3
2019-08,Полтавська,2.3,0.5
2019-08,Рівненська,0.9,0.8
2019-08,Сумська,1.3,0.2
2019-08,Тернопільська,0.5,0.2
2019-08,Харківська,2.4,0.7
2019-08,Херсонська,4.9,0.6
2019-08,Хмельницька,1.0,0.5
2019-08,Черкаська,3.4,0.8
2019-08,Чернівецька,1.2,0.9
2019-08,Чернігівська,4.2,1.4
2019-08,Київ,3.3,1.2
2019-09,Вінницька,2.0,1.5
2019-09,Волинська,0.8,1.0
2019-09,Дніпропетровська,8.9,2.7
2019-09,Донецька,5.6,3.3
2019-09,Житомирська,2.9,1.7
2019-09,Закарпатська,0.5,0.2
2019-09,Запорізька,2.0,1.0
2019-09,Івано-Франківська,0.4,0.0
2019-09,Київська,2.9,1.1
2019-09,Кіровоградська,5.9,1.5
2019-09,Луганська,2.2,1.0
2019-09,Львівська,1.5,0.5
2019-09,Миколаївська,3.7,1.4
2019-09,Одеська,7.1,3.3
2019-09,Полтавська,2.6,0.5
2019-09,Рівненська,0.7,0.5
2019-09,Сумська,1.3,0.5
2019-09,Тернопільська,0.8,0.0
2019-09,Харківська,1.8,0.9
2019-09,Херсонська,4.5,1.4
2019-09,Хмельницька,1.5,0.9
2019-09,Черкаська,3.4,1.2
2019-09,Чернівецька,0.3,0.1
2019-09,Чернігівська,4.5,1.7
2019-09,Київ,4.1,1.3
2019-10,Вінницька,1.7,1.3
2019-10,Волинська,1.2,0.6
2019-10,Дніпропетровська,10.9,3.7
2019-10,Донецька,5.8,3.9
2019-10,Житомирська,3.1,1.6
2019-10,Закарпатська,0.3,0.1
2019-10,Запорізька,2.8,0.9
2019-10,Івано-Франківська,0.9,0.4
2019-10,Київська,3.7,2.4
2019-10,Кіровоградська,4.5,2.3
2019-10,Луганська,3.4,1.2
2019-10,Львівська,1.4,1.0
2019-10,Миколаївська,5.7,2.6
2019-10,Одеська,7.9,5.8
2019-10,Полтавська,2.3,0.6
2019-10,Рівненська,0.6,0.3
2019-10,Сумська,1.4,0.4
2019-10,Тернопільська,0.7,0.5
2019-10,Харківська,1.7,0.4
2019-10,Херсонська,4.9,1.5
2019-10,Хмельницька,2.6,1.3
2019-10,Черкаська,2.6,1.3
2019-10,Чернівецька,1.2,0.7
2019-10,Чернігівська,4.4,0.9
2019-10,Київ,4.3,1.3
2019-11,Вінницька,1.6,1.6
2019-11,Волинська,1.1,1.2
2019-11,Дніпропетровська,11.0,2.5
2019-11,Донецька,7.4,3.9
2019-11,Житомирська,2.4,0.7
2019-11,Закарпатська,0.2,0.0
2019-11,Запорізька,2.5,0.6
2019-11,Івано-Франківська,0.4,0.0
2019-11,Київська,3.3,1.5
2019-11,Кіровоградська,6.3,1.8
2019-11,Луганська,1.8,0.4
2019-11,Львівська,1.8,1.0
2019-11,Миколаївська,6.2,1.9
2019-11,Одеська,8.0,4.2
2019-11,Полтавська,2.5,0.7
2019-11,Рівненська,1.3,0.7
2019-11,Сумська,0.2,0.0
2019-11,Тернопільська,0.2,0.1
2019-11,Харківська,2.7,0.7
2019-11,Херсонська,4.8,1.1
2019-11,Хмельницька,1.2,0.8
2019-11,Черкаська,2.7,1.6
2019-11,Чернівецька,0.6,0.3
2019-11,Чернігівська,3.1,1.1
2019-11,Київ,4.8,0.6
2019-12,Вінницька,3.4,2.0
2019-12,Волинська,1.4,0.7
2019-12,Дніпропетровська,10.6,1.7
2019-12,Донецька,6.6,2.8
2019-12,Житомирська,3.0,1.5
2019-12,Закарпатська,0.6,0.2
2019-12,Запорізька,2.1,0.3
2019-12,Івано-Франківська,0.9,0.0
2019-12,Київська,2.7,1.2
2019-12,Кіровоградська,3.9,1.1
2019-12,Луганська,1.5,0.3
2019-12,Львівська,2.2,1.7
2019-12,Миколаївська,4.9,1.5
2019-12,Одеська,15.1,6.0
2019-12,Полтавська,2.1,0.4
2019-12,Рівненська,1.3,0.6
2019-12,Сумська,1.9,1.7
2019-12,Тернопільська,1.1,0.3
2019-12,Харківська,1.8,0.6
2019-12,Херсонська,5.5,1.0
2019-12,Хмельницька,1.0,0.7
2019-12,Черкаська,4.9,0.7
2019-12,Чернівецька,0.6,0.3
2019-12,Чернігівська,4.7,0.9
2019-12,Київ,3.4,0.4
2020-01,Вінницька,1.2,0.8
2020-01,Волинська,1.7,0.8
2020-01,Дніпропетровська,9.6,1.3
2020-01,Донецька,6.0,2.7
2020-01,Житомирська,2.3,1.2
2020-01,Закарпатська,0.8,0.2
2020-01,Запорізька,2.2,0.5
2020-01,Івано-Франківська,0.7,0.1
2020-01,Київська,3.0,0.8
2020-01,Кіровоградська,2.8,0.8
2020-01,Луганська,0.9,0.3
2020-01,Львівська,0.9,0.1
2020-01,Миколаївська,4.3,1.2
2020-01,Одеська,10.6,3.2
2020-01,Полтавська,2.1,0.3
2020-01,Рівненська,1.2,0.3
2020-01,Сумська,1.0,0.6
2020-01,Тернопільська,1.6,0.3
2020-01,Харківська,1.5,0.4
2020-01,Херсонська,2.7,0.3
2020-01,Хмельницька,0.6,0.3
2020-01,Черкаська,2.7,0.6
2020-01,Чернівецька,1.0,0.2
2020-01,Чернігівська,3.4,0.9
2020-01,Київ,3.4,0.6
2020-02,Вінницька,1.5,1.1
2020-02,Волинська,2.0,1.2
2020-02,Дніпропетровська,11.5,2.0
2020-02,Донецька,6.7,2.8
2020-02,Житомирська,2.2,1.0
2020-02,Закарпатська,1.1,0.2
2020-02,Запорізька,2.3,0.4
2020-02,Івано-Франківська,0.7,0.1
2020-02,Київська,5.0,1.5
2020-02,Кіровоградська,4.8,2.9
2020-02,Луганська,1.6,0.6
2020-02,Львівська,1.3,0.6
2020-02,Миколаївська,10.2,2.3
2020-02,Одеська,10.7,4.4
2020-02,Полтавська,1.7,0.2
2020-02,Рівненська,1.2,0.4
2020-02,Сумська,1.1,0.3
2020-02,Тернопільська,1.3,0.2
2020-02,Харківська,2.5,0.5
2020-02,Херсонська,5.0,1.6
2020-02,Хмельницька,1.8,1.0
2020-02,Черкаська,2.8,1.4
2020-02,Чернівецька,0.6,0.2
2020-02,Чернігівська,5.3,0.9
2020-02,Київ,4.1,0.5
2020-03,Вінницька,1.2,1.1
2020-03,Волинська,1.1,0.4
2020-03,Дніпропетровська,9.8,1.4
2020-03,Донецька,5.4,2.4
2020-03,Житомирська,2.6,0.9
2020-03,Закарпатська,0.2,0.0
2020-03,Запорізька,1.9,0.3
2020-03,Івано-Франківська,0.4,0.1
2020-03,Київська,1.4,0.7
2020-03,Кіровоградська,4.8,2.9
2020-03,Луганська,2.2,0.6
2020-03,Львівська,0.9,0.4
2020-03,Миколаївська,4.0,1.9
2020-03,Одеська,13.1,5.4
2020-03,Полтавська,1.7,0.3
2020-03,Рівненська,0.8,0.5
2020-03,Сумська,0.4,0.1
2020-03,Тернопільська,0.5,0.3
2020-03,Харківська,2.1,0.9
2020-03,Херсонська,6.1,0.5
2020-03,Хмельницька,1.0,0.4
2020-03,Черкаська,3.5,0.3
2020-03,Чернівецька,0.6,0.7
2020-03,Чернігівська,3.7,0.0
2020-03,Київ,4.0,0.6
2020-04,Вінницька,0.6,0.3
2020-04,Волинська,0.8,0.6
2020-04,Дніпропетровська,8.6,1.3
2020-04,Донецька,5.5,2.2
2020-04,Житомирська,1.6,1.2
2020-04,Закарпатська,0.4,0.1
2020-04,Запорізька,1.8,0.3
2020-04,Івано-Франківська,0.0,0.0
2020-04,Київська,0.5,0.2
2020-04,Кіровоградська,3.0,1.8
2020-04,Луганська,0.9,0.7
2020-04,Львівська,0.9,0.4
2020-04,Миколаївська,3.5,1.7
2020-04,Одеська,11.2,2.7
2020-04,Полтавська,0.9,0.2
2020-04,Рівненська,0.3,0.0
2020-04,Сумська,0.3,0.2
2020-04,Тернопільська,0.2,0.2
2020-04,Харківська,1.3,0.7
2020-04,Херсонська,3.3,0.8
2020-04,Хмельницька,1.3,0.6
2020-04,Черкаська,1.2,0.7
2020-04,Чернівецька,0.4,0.0
2020-04,Чернігівська,3.5,0.9
2020-04,Київ,2.5,0.5
2020-05,Вінницька,1.2,1.0
2020-05,Волинська,0.6,0.3
2020-05,Дніпропетровська,8.2,1.3
2020-05,Донецька,5.9,2.3
2020-05,Житомирська,1.4,0.9
2020-05,Закарпатська,0.5,0.1
2020-05,Запорізька,1.8,0.2
2020-05,Івано-Франківська,0.2,0.0
2020-05,Київська,2.3,1.0
2020-05,Кіровоградська,2.5,1.7
2020-05,Луганська,2.0,0.1
2020-05,Львівська,0.3,0.3
2020-05,Миколаївська,4.0,0.8
2020-05,Одеська,11.5,2.7
2020-05,Полтавська,1.6,0.2
2020-05,Рівненська,0.7,0.1
2020-05,Сумська,0.0,0.1
2020-05,Тернопільська,0.3,0.0
2020-05,Харківська,1.5,0.4
2020-05,Херсонська,3.3,1.1
2020-05,Хмельницька,0.9,0.2
2020-05,Черкаська,2.6,0.9
2020-05,Чернівецька,0.2,0.2
2020-05,Чернігівська,3.0,0.4
2020-05,Київ,2.4,0.5
2020-06,Вінницька,1.0,1.0
2020-06,Волинська,0.9,0.4
2020-06,Дніпропетровська,10.2,1.1
2020-06,Донецька,5.3,2.9
2020-06,Житомирська,1.6,0.9
2020-06,Закарпатська,0.3,0.1
2020-06,Запорізька,3.2,0.8
2020-06,Івано-Франківська,0.2,0.1
2020-06,Київська,9.5,1.8
2020-06,Кіровоградська,3.0,0.8
2020-06,Луганська,1.0,0.9
2020-06,Львівська,1.1,0.4
2020-06,Миколаївська,4.2,1.9
2020-06,Одеська,11.9,3.3
2020-06,Полтавська,1.9,0.2
2020-06,Рівненська,1.8,0.6
2020-06,Сумська,1.6,0.4
2020-06,Тернопільська,0.8,0.2
2020-06,Харківська,3.0,0.6
2020-06,Херсонська,4.7,1.0
2020-06,Хмельницька,1.0,0.6
2020-06,Черкаська,1.8,0.4
2020-06,Чернівецька,0.4,0.1
2020-06,Чернігівська,2.7,0.3
2020-06,Київ,3.7,0.9
2020-07,Вінницька,1.0,0.7
2020-07,Волинська,1.0,0.1
2020-07,Дніпропетровська,11.7,1.5
2020-07,Донецька,5.6,2.9
2020-07,Житомирська,2.6,1.1
2020-07,Закарпатська,0.6,0.2
2020-07,Запорізька,2.5,0.4
2020-07,Івано-Франківська,0.4,0.1
2020-07,Київська,4.1,1.0
2020-07,Кіровоградська,4.7,1.2
2020-07,Луганська,1.8,0.7
2020-07,Львівська,0.5,0.2
2020-07,Миколаївська,3.6,1.7
2020-07,Одеська,9.3,3.2
2020-07,Полтавська,1.5,0.4
2020-07,Рівненська,1.1,0.3
2020-07,Сумська,1.5,0.7
2020-07,Тернопільська,0.4,0.2
2020-07,Харківська,2.6,0.8
2020-07,Херсонська,4.9,0.4
2020-07,Хмельницька,1.4,0.8
2020-07,Черкаська,2.8,0.8
2020-07,Чернівецька,0.2,0.4
2020-07,Чернігівська,2.3,0.3
2020-07,Київ,3.8,0.8
2020-08,Вінницька,1.6,1.0
2020-08,Волинська,0.3,0.2
2020-08,Дніпропетровська,10.0,1.3
2020-08,Донецька,5.8,2.8
2020-08,Житомирська,1.2,0.6
2020-08,Закарпатська,0.5,0.1
2020-08,Запорізька,2.1,0.7
2020-08,Івано-Франківська,0.4,0.0
2020-08,Київська,4.7,1.4
2020-08,Кіровоградська,3.5,1.1
2020-08,Луганська,1.3,0.3
2020-08,Львівська,0.7,0.3
2020-08,Миколаївська,3.5,1.1
2020-08,Одеська,13.5,3.3
2020-08,Полтавська,0.7,0.1
2020-08,Рівненська,0.5,0.3
2020-08,Сумська,1.4,0.2
2020-08,Тернопільська,0.3,0.0
2020-08,Харківська,2.1,0.7
2020-08,Херсонська,3.5,1.2
2020-08,Хмельницька,0.6,0.2
2020-08,Черкаська,1.4,0.5
2020-08,Чернівецька,0.4,0.3
2020-08,Чернігівська,3.2,1.2
2020-08,Київ,4.3,0.5
2020-09,Вінницька,1.6,0.9
2020-09,Волинська,1.3,0.8
2020-09,Дніпропетровська,10.2,2.0
2020-09,Донецька,5.6,3.2
2020-09,Житомирська,2.2,0.8
2020-09,Закарпатська,0.4,0.0
2020-09,Запорізька,3.4,0.4
2020-09,Івано-Франківська,0.3,0.1
2020-09,Київська,5.5,1.0
2020-09,Кіровоградська,4.4,1.1
2020-09,Луганська,1.9,0.1
2020-09,Львівська,1.5,0.5
2020-09,Миколаївська,3.7,1.1
2020-09,Одеська,13.1,3.4
2020-09,Полтавська,1.5,0.2
2020-09,Рівненська,1.6,0.3
2020-09,Сумська,0.8,0.7
2020-09,Тернопільська,0.5,0.1
2020-09,Харківська,2.6,0.6
2020-09,Херсонська,4.0,0.3
2020-09,Хмельницька,1.4,0.5
2020-09,Черкаська,2.6,0.6
2020-09,Чернівецька,0.7,0.3
2020-09,Чернігівська,3.7,0.4
2020-09,Київ,5.4,1.2
2020-10,Вінницька,0.7,0.7
2020-10,Волинська,1.2,0.4
2020-10,Дніпропетровська,7.5,1.1
2020-10,Донецька,3.8,1.2
2020-10,Житомирська,1.1,0.2
2020-10,Закарпатська,0.6,0.0
2020-10,Запорізька,1.7,0.2
2020-10,Івано-Франківська,0.7,0.1
2020-10,Київська,3.1,0.6
2020-10,Кіровоградська,2.3,0.9
2020-10,Луганська,1.2,0.4
2020-10,Львівська,0.6,0.1
2020-10,Миколаївська,3.2,0.8
2020-10,Одеська,19.3,4.0
2020-10,Полтавська,1.2,0.3
2020-10,Рівненська,0.3,0.3
2020-10,Сумська,1.2,0.5
2020-10,Тернопільська,0.7,0.3
2020-10,Харківська,1.3,0.3
2020-10,Херсонська,3.2,1.0
2020-10,Хмельницька,0.9,0.7
2020-10,Черкаська,0.8,0.0
2020-10,Чернівецька,0.3,0.3
2020-10,Чернігівська,2.5,0.4
2020-10,Київ,3.5,0.3
2020-11,Вінницька,1.0,0.5
2020-11,Волинська,1.6,0.5
2020-11,Дніпропетровська,7.8,1.3
2020-11,Донецька,3.9,1.5
2020-11,Житомирська,2.1,0.5
2020-11,Закарпатська,0.4,0.2
2020-11,Запорізька,2.1,0.8
2020-11,Івано-Франківська,0.2,0.1
2020-11,Київська,2.6,1.3
2020-11,Кіровоградська,2.4,0.1
2020-11,Луганська,1.3,0.1
2020-11,Львівська,0.6,0.2
2020-11,Миколаївська,2.9,0.8
2020-11,Одеська,11.9,3.1
2020-11,Полтавська,1.4,0.2
2020-11,Рівненська,1.0,0.6
2020-11,Сумська,1.3,0.5
2020-11,Тернопільська,0.4,0.2
2020-11,Харківська,1.7,0.3
2020-11,Херсонська,2.7,0.6
2020-11,Хмельницька,1.0,0.7
2020-11,Черкаська,2.0,0.5
2020-11,Чернівецька,0.4,0.2
2020-11,Чернігівська,2.2,0.3
2020-11,Київ,3.2,1.6
2020-12,Вінницька,1.4,0.5
2020-12,Волинська,1.2,0.4
2020-12,Дніпропетровська,8.1,1.3
2020-12,Донецька,4.5,1.5
2020-12,Житомирська,1.8,0.8
2020-12,Закарпатська,0.7,0.2
2020-12,Запорізька,1.8,0.6
2020-12,Івано-Франківська,0.4,0.1
2020-12,Київська,2.9,0.5
2020-12,Кіровоградська,5.5,1.5
2020-12,Луганська,1.9,0.3
2020-12,Львівська,1.0,0.4
2020-12,Миколаївська,3.7,1.3
2020-12,Одеська,14.9,2.5
2020-12,Полтавська,1.5,0.1
2020-12,Рівненська,0.7,0.3
2020-12,Сумська,1.1,0.6
2020-12,Тернопільська,0.5,0.0
2020-12,Харківська,2.3,0.2
2020-12,Херсонська,2.9,0.7
2020-12,Хмельницька,0.8,0.6
2020-12,Черкаська,1.6,0.4
2020-12,Чернівецька,0.4,0.4
2020-12,Чернігівська,4.4,0.3
2020-12,Київ,2.7,0.8
2021-01,Вінницька,0.8,0.5
2021-01,Волинська,1.4,0.8
2021-01,Дніпропетровська,8.3,1.6
2021-01,Донецька,3.3,3.0
2021-01,Житомирська,1.5,0.2
2021-01,Закарпатська,0.4,0.2
2021-01,Запорізька,1.7,0.4
2021-01,Івано-Франківська,0.7,0.0
2021-01,Київська,3.6,1.1
2021-01,Кіровоградська,2.1,0.5
2021-01,Луганська,1.0,0.6
2021-01,Львівська,0.4,0.4
2021-01,Миколаївська,1.9,1.2
2021-01,Одеська,10.8,3.4
2021-01,Полтавська,0.9,0.1
2021-01,Рівненська,1.0,0.6
2021-01,Сумська,0.8,0.5
2021-01,Тернопільська,0.2,0.1
2021-01,Харківська,1.0,0.2
2021-01,Херсонська,2.6,0.3
2021-01,Хмельницька,0.4,0.2
2021-01,Черкаська,0.9,0.6
2021-01,Чернівецька,0.4,0.0
2021-01,Чернігівська,2.3,0.2
2021-01,Київ,2.6,0.4
2021-02,Вінницька,1.1,0.7
2021-02,Волинська,1.1,0.1
2021-02,Дніпропетровська,11.0,1.9
2021-02,Донецька,4.7,2.4
2021-02,Житомирська,1.2,1.0
2021-02,Закарпатська,0.4,0.2
2021-02,Запорізька,2.1,0.5
2021-02,Івано-Франківська,0.0,0.0
2021-02,Київська,6.5,1.4
2021-02,Кіровоградська,1.9,0.6
2021-02,Луганська,1.6,0.9
2021-02,Львівська,1.0,0.8
2021-02,Миколаївська,4.5,1.9
2021-02,Одеська,14.8,4.0
2021-02,Полтавська,0.9,0.2
2021-02,Рівненська,0.9,0.4
2021-02,Сумська,1.4,1.1
2021-02,Тернопільська,1.1,0.3
2021-02,Харківська,2.1,0.5
2021-02,Херсонська,4.0,1.1
2021-02,Хмельницька,0.4,0.2
2021-02,Черкаська,1.8,0.3
2021-02,Чернівецька,0.8,0.2
2021-02,Чернігівська,4.0,0.9
2021-02,Київ,3.0,0.3
2021-03,Вінницька,1.0,0.6
2021-03,Волинська,1.2,0.7
2021-03,Дніпропетровська,9.4,1.4
2021-03,Донецька,5.3,3.6
2021-03,Житомирська,2.5,1.7
2021-03,Закарпатська,0.5,0.1
2021-03,Запорізька,2.2,0.4
2021-03,Івано-Франківська,0.6,0.1
2021-03,Київська,3.7,1.6
2021-03,Кіровоградська,2.7,0.9
2021-03,Луганська,0.9,0.6
2021-03,Львівська,0.9,0.5
2021-03,Миколаївська,3.8,1.2
2021-03,Одеська,10.3,3.1
2021-03,Полтавська,1.9,0.4
2021-03,Рівненська,1.1,0.5
2021-03,Сумська,0.4,0.4
2021-03,Тернопільська,0.7,0.3
2021-03,Харківська,2.7,0.9
2021-03,Херсонська,3.7,1.2
2021-03,Хмельницька,1.4,0.6
2021-03,Черкаська,2.5,0.8
2021-03,Чернівецька,0.3,0.3
2021-03,Чернігівська,3.5,0.8
2021-03,Київ,4.2,1.3
2021-04,Вінницька,1.0,0.5
2021-04,Волинська,1.3,0.8
2021-04,Дніпропетровська,10.1,1.5
2021-04,Донецька,6.0,2.4
2021-04,Житомирська,2.1,0.5
2021-04,Закарпатська,0.6,0.2
2021-04,Запорізька,2.8,0.9
2021-04,Івано-Франківська,0.7,0.1
2021-04,Київська,3.2,0.8
2021-04,Кіровоградська,2.9,1.0
2021-04,Луганська,2.4,0.6
2021-04,Львівська,0.6,0.4
2021-04,Миколаївська,2.8,1.4
2021-04,Одеська,15.8,3.4
2021-04,Полтавська,1.4,0.2
2021-04,Рівненська,1.1,0.4
2021-04,Сумська,0.9,0.7
2021-04,Тернопільська,0.2,0.0
2021-04,Харківська,1.8,0.4
2021-04,Херсонська,2.8,0.5
2021-04,Хмельницька,0.9,0.3
2021-04,Черкаська,1.8,0.4
2021-04,Чернівецька,0.9,0.4
2021-04,Чернігівська,2.1,0.7
2021-04,Київ,3.2,0.4
2021-05,Вінницька,0.8,0.3
2021-05,Волинська,1.6,0.3
2021-05,Дніпропетровська,8.8,1.6
2021-05,Донецька,4.7,1.9
2021-05,Житомирська,1.6,1.1
2021-05,Закарпатська,0.6,0.4
2021-05,Запорізька,1.9,0.2
2021-05,Івано-Франківська,1.0,0.1
2021-05,Київська,3.3,2.0
2021-05,Кіровоградська,2.8,0.3
2021-05,Луганська,0.7,0.7
2021-05,Львівська,1.0,0.6
2021-05,Миколаївська,5.1,1.2
2021-05,Одеська,22.3,5.4
2021-05,Полтавська,0.9,0.3
2021-05,Рівненська,0.9,0.4
2021-05,Сумська,1.7,0.7
2021-05,Тернопільська,0.5,0.2
2021-05,Харківська,1.5,0.3
2021-05,Херсонська,3.0,0.7
2021-05,Хмельницька,0.6,0.4
2021-05,Черкаська,1.8,0.6
2021-05,Чернівецька,0.3,0.4
2021-05,Чернігівська,2.5,0.5
2021-05,Київ,3.2,0.5
2021-06,Вінницька,1.1,1.0
2021-06,Волинська,0.8,0.9
2021-06,Дніпропетровська,10.0,1.4
2021-06,Донецька,4.9,1.5
2021-06,Житомирська,2.2,1.6
2021-06,Закарпатська,0.6,0.2
2021-06,Запорізька,3.3,0.5
2021-06,Івано-Франківська,0.4,0.1
2021-06,Київська,3.4,1.1
2021-06,Кіровоградська,2.2,0.9
2021-06,Луганська,2.7,0.6
2021-06,Львівська,1.2,0.6
2021-06,Миколаївська,3.7,1.5
2021-06,Одеська,12.1,3.6
2021-06,Полтавська,2.1,0.6
2021-06,Рівненська,1.5,0.8
2021-06,Сумська,0.8,0.1
2021-06,Тернопільська,0.7,0.3
2021-06,Харківська,2.4,0.4
2021-06,Херсонська,4.5,0.9
2021-06,Хмельницька,0.5,0.6
2021-06,Черкаська,1.9,0.7
2021-06,Чернівецька,0.8,0.2
2021-06,Чернігівська,2.4,0.5
2021-06,Київ,4.0,0.5
2021-07,Вінницька,1.0,1.0
2021-07,Волинська,0.9,0.6
2021-07,Дніпропетровська,9.3,1.6
2021-07,Донецька,5.3,2.2
2021-07,Житомирська,1.5,0.7
2021-07,Закарпатська,0.5,0.2
2021-07,Запорізька,2.6,0.8
2021-07,Івано-Франківська,1.2,0.4
2021-07,Київська,5.3,1.9
2021-07,Кіровоградська,2.9,0.8
2021-07,Луганська,3.5,0.7
2021-07,Львівська,2.5,1.6
2021-07,Миколаївська,3.1,1.0
2021-07,Одеська,14.6,3.7
2021-07,Полтавська,1.3,0.4
2021-07,Рівненська,1.0,0.4
2021-07,Сумська,1.9,0.9
2021-07,Тернопільська,0.5,0.5
2021-07,Харківська,2.1,0.5
2021-07,Херсонська,3.6,0.5
2021-07,Хмельницька,1.2,1.0
2021-07,Черкаська,1.8,0.3
2021-07,Чернівецька,0.7,0.3
2021-07,Чернігівська,3.9,0.3
2021-07,Київ,3.9,0.7
2021-08,Вінницька,1.0,1.0
2021-08,Волинська,1.0,1.0
2021-08,Дніпропетровська,10.0,1.0
2021-08,Донецька,5.0,1.0
2021-08,Житомирська,2.0,1.0
2021-08,Закарпатська,1.0,0.0
2021-08,Запорізька,1.0,0.0
2021-08,Івано-Франківська,0.0,0.0
2021-08,Київська,4.0,2.0
2021-08,Кіровоградська,2.0,1.0
2021-08,Луганська,1.0,0.0
2021-08,Львівська,1.0,1.0
2021-08,Миколаївська,4.0,2.0
2021-08,Одеська,12.0,3.0
2021-08,Полтавська,1.0,0.0
2021-08,Рівненська,1.0,1.0
2021-08,Сумська,1.0,1.0
2021-08,Тернопільська,0.0,0.0
2021-08,Харківська,2.0,1.0
2021-08,Херсонська,3.0,1.0
2021-08,Хмельницька,1.0,0.0
2021-08,Черкаська,2.0,0.0
2021-08,Чернівецька,0.0,0.0
2021-08,Чернігівська,4.0,1.0
2021-08,Київ,3.0,1.0
2021-09,Вінницька,1.0,1.0
2021-09,Волинська,1.0,0.0
2021-09,Дніпропетровська,10.0,2.0
2021-09,Донецька,4.0,1.0
2021-09,Житомирська,1.0,1.0
2021-09,Закарпатська,1.0,0.0
2021-09,Запорізька,3.0,0.0
2021-09,Івано-Франківська,0.0,0.0
2021-09,Київська,4.0,2.0
2021-09,Кіровоградська,3.0,1.0
2021-09,Луганська,1.0,1.0
2021-09,Львівська,2.0,1.0
2021-09,Миколаївська,4.0,1.0
2021-09,Одеська,12.0,2.0
2021-09,Полтавська,1.0,0.0
2021-09,Рівненська,1.0,0.0
2021-09,Сумська,1.0,1.0
2021-09,Тернопільська,1.0,0.0
2021-09,Харківська,2.0,1.0
2021-09,Херсонська,3.0,0.0
2021-09,Хмельницька,2.0,1.0
2021-09,Черкаська,2.0,1.0
2021-09,Чернівецька,1.0,0.0
2021-09,Чернігівська,2.0,1.0
2021-09,Київ,3.0,1.0
2021-10,Вінницька,0.3,0.3
2021-10,Волинська,0.4,0.5
2021-10,Дніпропетровська,6.1,0.9
2021-10,Донецька,3.1,0.7
2021-10,Житомирська,1.8,1.3
2021-10,Закарпатська,0.2,0.0
2021-10,Запорізька,1.6,0.2
2021-10,Івано-Франківська,0.4,0.0
2021-10,Київська,2.8,1.4
2021-10,Кіровоградська,1.5,0.3
2021-10,Луганська,1.8,0.6
2021-10,Львівська,0.6,0.2
2021-10,Миколаївська,3.2,1.0
2021-10,Одеська,12.2,2.5
2021-10,Полтавська,1.1,0.4
2021-10,Рівненська,1.1,0.6
2021-10,Сумська,0.9,0.1
2021-10,Тернопільська,0.3,0.0
2021-10,Харківська,0.8,0.2
2021-10,Херсонська,2.2,0.5
2021-10,Хмельницька,0.6,0.5
2021-10,Черкаська,1.6,0.3
2021-10,Чернівецька,0.7,0.7
2021-10,Чернігівська,1.7,0.1
2021-10,Київ,2.8,0.5
2021-11,Вінницька,1.4,0.9
2021-11,Волинська,0.4,0.4
2021-11,Дніпропетровська,7.6,1.4
2021-11,Донецька,4.1,1.1
2021-11,Житомирська,1.5,0.7
2021-11,Закарпатська,0.5,0.1
2021-11,Запорізька,1.7,0.5
2021-11,Івано-Франківська,0.1,0.1
2021-11,Київська,3.7,1.1
2021-11,Кіровоградська,5.2,1.5
2021-11,Луганська,1.5,0.1
2021-11,Львівська,1.4,0.6
2021-11,Миколаївська,3.5,1.3
2021-11,Одеська,22.1,3.5
2021-11,Полтавська,1.9,0.4
2021-11,Рівненська,0.7,0.3
2021-11,Сумська,1.2,0.9
2021-11,Тернопільська,0.7,0.2
2021-11,Харківська,1.4,0.3
2021-11,Херсонська,3.2,0.3
2021-11,Хмельницька,0.9,0.5
2021-11,Черкаська,1.4,0.3
2021-11,Чернівецька,0.7,0.4
2021-11,Чернігівська,3.1,0.6
2021-11,Київ,2.5,0.4
2021-12,Вінницька,0.7,0.3
2021-12,Волинська,0.6,0.2
2021-12,Дніпропетровська,7.3,1.3
2021-12,Донецька,5.1,0.9
2021-12,Житомирська,0.9,0.4
2021-12,Закарпатська,0.7,0.4
2021-12,Запорізька,1.6,0.7
2021-12,Івано-Франківська,0.9,0.1
2021-12,Київська,4.7,1.9
2021-12,Кіровоградська,7.5,0.9
2021-12,Луганська,2.1,0.7
2021-12,Львівська,0.8,0.5
2021-12,Миколаївська,5.7,1.9
2021-12,Одеська,19.0,4.7
2021-12,Полтавська,0.9,0.1
2021-12,Рівненська,1.4,0.3
2021-12,Сумська,0.4,0.3
2021-12,Тернопільська,0.6,0.1
2021-12,Харківська,1.9,0.3
2021-12,Херсонська,3.9,0.6
2021-12,Хмельницька,1.3,0.8
2021-12,Черкаська,1.2,0.8
2021-12,Чернівецька,0.3,0.4
2021-12,Чернігівська,2.9,0.6
2021-12,Київ,2.4,0.5
